CLAVE,NOMBRE,CREDITOS,LABORATORIO,INICIO,VIGENCIA,DEPARTAMENTO,NOMBRE_COMPLETO,EQUIVALENCIA,NOMBRE_INGLES,PORCEN_CAL
0325,INGENIERIA METALURGICA I,9,T,20001,S,03020300,INGENIERIA METALURGICA I,0,METALLURGICAL ENGINEERING I,
0326,INGENIERIA METALURGICA II,9,T,20001,S,03020300,INGENIERIA METALURGICA II,0,METALLURGICAL ENGINEERING II,
1236,EQUIL. QUIM.SIMP.EN FASE HOM.,9,L,20001,S,02010100,EQUIL. QUIM.SIMP.EN FASE HOM.,0,,
1336,EQUIL.SIMUL.MEDIO HOM.Y HET.,9,L,20001,S,02010100,EQUIL.SIMUL.MEDIO HOM.Y HET.,0,,
1436,EQUIL.SIMUL.EN SIST. HETEROG.,9,L,20001,S,02010200,EQUIL.SIMUL.EN SIST. HETEROG.,0,,
1536,METODOS OPTICOS DE ANALISIS,9,L,20001,S,02010200,METODOS OPTICOS DE ANALISIS,0,ANALYSIS OPTICS METHODS,
1889,ANALISIS INSTRUMENTAL DE ALIM.,9,L,20001,S,02010200,ANALISIS INSTRUMENTAL DE ALIM.,0,FOOD INSTRUMENTAL ANALYSIS,
1014,ENERGETICOS  I,8,L,20001,S,03010200,ENERGETICOS  I,0,ENERGETICS I,80.00
1015,ENERGETICOS II,8,T,20001,S,03010200,ENERGETICOS II,0,ENERGETICS II,80.00
1016,PETROQUIMICA I,8,L,20001,S,03010200,PETROQUIMICA I,0,PETROCHEMICAL I,80.00
1633,UNION QUIM. Y FUND. ESPECTROS,8,T,20001,S,01020100,UNION QUIM. Y FUND. ESPECTROS,0,CHEMICAL BONDING AND SPECTROSCOPY,100.00
1081,BIOLOGIA MOLECULAR,6,T,20001,S,03030300,BIOLOGIA MOLECULAR,0,MOLECULAR BIOLOGY,100.00
1082,CONTROL DE CALIDAD II,6,T,20001,S,03030300,CONTROL DE CALIDAD II,0,QUALITY CONTROL II,100.00
1083,ENOLOGIA,6,T,20001,S,03030300,ENOLOGIA,0,ENOLOGY,100.00
1084,GRASAS Y ACEITES COMESTIBLES,6,T,20001,S,03030300,GRASAS Y ACEITES COMESTIBLES,0,EATABLE GREASE AND OIL,
1085,MALTA Y CERVEZA,6,T,20001,S,03030300,MALTA Y CERVEZA,0,BEER AND MALT,100.00
1086,NUTRICION II,6,T,20001,S,03030300,NUTRICION II,0,NUTRITION II,100.00
1087,PRODUCTOS PESQUEROS yACUICOLAS,6,T,20001,S,03030300,PRODUCTOS PESQUEROS yACUICOLAS,0,FISHING PRODUCTS,
1088,TRATAMIENTOS AGUAS Y DES.IND.,6,T,20001,S,03030300,TRATAMIENTOS AGUAS Y DES.IND.,0,WATER TREATMENT AND INDUSTRIAL RESIDUES,
1582,DISEÑO DE EXPERIMENTOS,6,T,20001,S,01030200,DISEÑO DE EXPERIMENTOS,0,EXPERIMENTS DESIGN,100.00
1587,OPERACIONES UNITARIAS ALIM. I,6,T,20001,S,03030100,OPERACIONES UNITARIAS ALIM. I,0,UNITARY OPERATIONS OF FOODS I,100.00
1687,OPERACIONES UNITARIAS ALIM.II,10,T,20001,S,03030100,OPERACIONES UNITARIAS ALIM.II,0,UNITARY OPERATIONS OF FOODS II,100.00
1681,ECONOMIA DE LA IND.ALIMENTARIA,6,T,20001,S,03040100,ECONOMIA DE LA IND.ALIMENTARIA,0,ECONOMY OF THE FOOD INDUSTRY,100.00
1785,QUIMICA DE ADITIVOS ALIM.,6,T,20001,S,03030200,QUIMICA DE ADITIVOS ALIM.,0,CHEMISTRY OF ALIMENTARY ADDITIVES,100.00
1885,DESARROLLO DE ALIMENTOS,6,T,20001,S,03030300,DESARROLLO DE ALIMENTOS,0,FOODS DEVELOPMENT,100.00
1983,HIGIENE Y LEGISLACION ALIM.,6,T,20001,S,03030100,HIGIENE Y LEGISLACION ALIM.,0,SANITATION AND FOOD LEGISLATION,100.00
1985,DESARROLLO EXP. DE ALIMENTOS,20,T,20001,S,03030300,DESARROLLO EXP. DE ALIMENTOS,0,EXPERIMENTAL DEVELOPMENT OF FOODS,100.00
1421,PRINCIPIOS DE CINETICA,9,T,20001,S,01010200,PRINCIPIOS DE CINETICA,0,PRINCIPLES OF KINETICS,100.00
1021,PROCESOS EXTRACCION Y REFINAC.,9,T,20001,S,03020100,PROCESOS EXTRACCION Y REFINAC.,0,,100.00
1022,INGENIERIA METALURGICA,9,T,20001,S,03020300,INGENIERIA METALURGICA,0,METALLURGICAL ENGINEERING,100.00
1822,INGENIERIA ECONOMICA,6,T,20001,S,03040100,INGENIERIA ECONOMICA,0,ENGINEERING ECONOMICS,100.00
1025,PROCESOS CORROSION ELECTROMETA,9,T,20001,S,03020100,PROCESOS CORROSION ELECTROMETA,0,ELECTROMETALLURGY PROCESSES CORROSION,100.00
1225,INTRODUCCION A LA METALURGIA,6,T,20001,S,03020300,INTRODUCCION A LA METALURGIA,0,INTRODUCTION TO METALLURGY,
1321,ECUACIONES DIFERENC. PARCIALES,8,T,20001,S,01030100,ECUACIONES DIFERENC. PARCIALES,0,PARTIAL DIFFERENTIAL EQUATIONS,100.00
1523,TRANSPORTE DE ENERGIA,8,T,20001,S,03020300,TRANSPORTE DE ENERGIA,0,ENERGY TRANSPORT,100.00
1529,INSTALACIONES Y EQUIPOS ELCTRI,6,T,20001,S,03010300,INSTALACIONES Y EQUIPOS ELCTRI,0,INSTALLATION AND ELECTRICAL EQUIPMENT,100.00
1623,TRANSPORTE DE MASA,9,T,20001,S,03020300,TRANSPORTE DE MASA,0,MASS TRANSPORT,100.00
1629,INSTRUMENTACION CONTROL PROCES,6,T,20001,S,03010300,INSTRUMENTACION CONTROL PROCES,0,INSTRUMENTATION AND CONTROL PROCESSES,100.00
1721,PROCESOS DE SOLIDIFICACION,8,T,20001,S,03020300,PROCESOS DE SOLIDIFICACION,0,SOLIDIFICACION PROCESSES,100.00
1828,ACERACION,8,T,20001,S,03020300,ACERACION,0,STEELMAKING,100.00
1923,ANALISIS PROCESOS METALURGICOS,6,T,20001,S,03020300,ANALISIS PROCESOS METALURGICOS,0,ANALYSIS OF METALLURGICAL PROCESSES,100.00
1723,FUNDAMENTOS OPTIMIZAC. SIMULAC,8,T,20001,S,03010300,FUNDAMENTOS OPTIMIZAC. SIMULAC,0,PRINCIPLES OF OPTIMIZATION AND SIMULATION,100.00
1725,PROCESOS CONFORMADO MECANICO,8,L,20001,S,03020200,PROCESOS CONFORMADO MECANICO,0,MECHANICAL MANUFACTURING PROCESSES,80.00
1825,PREVENCION ANALISIS DE FALLAS,9,T,20001,S,03020200,PREVENCION ANALISIS DE FALLAS,0,PREVENTION AND ANALYSIS OF FAILURES,67.00
1423,DINAMICA DE FLUIDOS,11,T,20001,S,03020300,DINAMICA DE FLUIDOS,0,DYNAMICS OF FLUIDS,100.00
1101,CAL. DE FUN. DE UNA VARIABLE,8,T,20001,S,01030100,CAL. DE FUN. DE UNA VARIABLE,0,CALCULUS OF A SINGLE VARIABLE,
1102,ALGEBRA,8,T,20001,S,01030100,ALGEBRA,0,ALGEBRA,
1201,CAL. DE FUN. DE VAR. VARIABLES,8,T,20001,S,01030100,CAL. DE FUN. DE VAR. VARIABLES,0,CALCULUS OF SEVERAL VARIABLES,100.00
1202,ECUACIONES DIFERENCIALES,8,T,20001,S,01030100,ECUACIONES DIFERENCIALES,0,DIFFERENTIAL EQUATIONS,100.00
1204,ESTRUCTURA DE LA MATERIA,8,T,20001,S,01020100,ESTRUCTURA DE LA MATERIA,0,ATOMIC STRUCTURE,100.00
1109,PROGRAMACION Y COMPUTACION,6,T,20001,S,01030200,PROGRAMACION Y COMPUTACION,0,COMPUTER SCIENCE,100.00
1302,ESTADISTICA,8,T,20001,S,01030200,ESTADISTICA,0,STATISTICS,100.00
1418,INGENIERIA MECANICA,6,T,20001,S,01020100,INGENIERIA MECANICA,0,MECHANICAL ENGINEERING,100.00
1409,METODOS NUMERICOS,6,T,20001,S,01030200,METODOS NUMERICOS,0,NUMERICAL METHODS,100.00
1518,INGENIERIA ELECTRICA,6,T,20001,S,01020200,INGENIERIA ELECTRICA,0,ELECTRICAL ENGINEERING,100.00
1615,QUIM. DE LOS PROCESOS INDUST.,6,T,20001,S,02030300,QUIM. DE LOS PROCESOS INDUST.,0,CHEMISTRY OF INDUSTRIAL PROCESSES,100.00
1718,SELECCION Y ESPECIF. DE EQUIPO,6,T,20001,S,03010300,SELECCION Y ESPECIF. DE EQUIPO,0,EQUIPMENT SELECTION AND SPECIFICATION,100.00
1719,INGENIERIA ECONOMICA I,6,T,20001,S,03040100,INGENIERIA ECONOMICA I,0,ECONOMYC ENGINEERING I,100.00
1801,INGENIERIA ECONOMICA II,6,T,20001,S,03040100,INGENIERIA ECONOMICA II,0,ECONOMYC ENGINEERING II,100.00
1710,INGENIERIA AMBIENTAL,6,T,20001,S,03010300,INGENIERIA AMBIENTAL,0,ENVIRONMENTAL ENGINEERING,100.00
1818,INGENIERIA DE SERVICIOS,6,T,20001,S,03010300,INGENIERIA DE SERVICIOS,0,UTILITIES ENGINEERING,100.00
1901,ADMINISTRACION INDUSTRIAL,6,T,20001,S,03040100,ADMINISTRACION INDUSTRIAL,0,INDUSTRIAL MANAGEMENT,100.00
1919,RELACIONES HUMANAS EN EMPRESA,5,L,20001,S,03040100,RELACIONES HUMANAS EN EMPRESA,0,HUMAN RELATIONS WITHIN A COMPANY,
1910,SEGURIDAD INDUSTRIAL,6,T,20001,S,03010300,SEGURIDAD INDUSTRIAL,0,INDUSTRIAL SAFETY,100.00
1733,ESPECTROSCOPIA APLICADA,8,T,20001,S,02010200,ESPECTROSCOPIA APLICADA,0,APPLIED SPECTROSCOPY,100.00
1835,INT. A LA OP. Y ACT. IND. QUIM,6,T,20001,S,03010300,INT. A LA OP. Y ACT. IND. QUIM,0,INT. OP. AND ACT CHEMICAL IND,100.00
1930,SEMINARIO,6,T,20001,S,02030000,SEMINARIO,0,SEMINAR,100.00
1030,DES. Y OPT. DE PROC. DE SINT.I,6,T,20001,S,02030300,DES. Y OPT. DE PROC. DE SINT.I,0,"DEVELOPMENT, OPTIMIZATION OF PROCESSES OF SINT I",100.00
1031,DES.Y OPT DE PROC. DE SINT. II,6,T,20001,S,02030300,DES.Y OPT DE PROC. DE SINT. II,0,"DEVELOPMENT, OPTIMIZATION OF PROCESSES OF SINT II",100.00
1032,DESARROLLO ANALITICO,6,T,20001,S,02010100,DESARROLLO ANALITICO,0,ANALYTIC DEVELOPMENT,100.00
1034,INTROD. A LA GEST. TEC. QUIM.I,6,T,20001,S,03040100,INTROD. A LA GEST. TEC. QUIM.I,0,INTRODUCTION TO CHEMICAL TECHNOLOGY  I,100.00
1035,INTROD.A LA GEST.TEC. QUIM. II,6,T,20001,S,03040100,INTROD.A LA GEST.TEC. QUIM. II,0,INTRODUCTION TO CHEMICAL TECHNOLOGY  II,100.00
1036,RECURSOS NATURALES,6,T,20001,S,02020200,RECURSOS NATURALES,0,NATURAL RESOURCES,100.00
1037,EQUILIBRIO DE ECOSISTEMAS,6,T,20001,S,02020200,EQUILIBRIO DE ECOSISTEMAS,0,ECOSYSTEMS EQUILIBRIUM,100.00
1208,BIOLOGIA CELULAR,6,T,20001,S,04030100,BIOLOGIA CELULAR,0,CELULAR BIOLOGY,100.00
1306,FENOMENOS DE TRANSPORTE,8,L,20001,S,03010100,FENOMENOS DE TRANSPORTE,0,TRANSPORT PHENOMENA,80.00
1325,ELEMENTOS DE CIENCIA DE MATS.,8,L,20001,S,03020200,ELEMENTOS DE CIENCIA DE MATS.,0,SCIENCE OF THE PRINCIPLES OF MATERIALS,75.00
1525,TRANSFORMACIONES DE FASE,8,L,20001,S,03020200,TRANSFORMACIONES DE FASE,0,PHASE TRANSFORMATIONS,70.00
1621,COMPORTAMIENTO MECANICO METALE,9,L,20001,S,03020200,COMPORTAMIENTO MECANICO METALE,0,MECHANICAL BEHAVIOR OF METALS,70.00
1625,TRATAMIENTOS TERMICOS,9,L,20001,S,03020200,TRATAMIENTOS TERMICOS,0,HEAT TREATMENTS,70.00
1626,HIDROMETALURGIA,9,L,20001,S,03020100,HIDROMETALURGIA,0,HIDROMETALLURGY,67.00
1627,ELECTROQUIMICA,8,L,20001,S,01010200,ELECTROQUIMICA,0,ELECTROCHEMISTRY,75.00
1720,CORROSION  Y PROTECCION,9,L,20001,S,03020100,CORROSION  Y PROTECCION,0,CORROSION AND PROTECTION,67.00
1726,PIROMETALURGIA,8,L,20001,S,03020100,PIROMETALURGIA,0,PYROMETALLURGY,75.00
1729,PROCESADO ELECTROMETALURGICO,8,L,20001,S,03020100,PROCESADO ELECTROMETALURGICO,0,ELECTROMETALLURGY PROCESSES,75.00
1820,PROCESOS ALTERNOS MANUFACTURA,8,L,20001,S,03020200,PROCESOS ALTERNOS MANUFACTURA,0,ALTERNATIVE MANUFACTURING PROCESSES,75.00
1516,ANALITICA I,10,L,20001,S,02010100,ANALITICA I,0,ANALYTICAL I,60.00
1616,ANALITICA II,10,L,20001,S,02010200,ANALITICA II,0,ANALYTICAL II,60.00
1256,QUIMICA ANALITICA I,9,L,20001,S,02010100,QUIMICA ANALITICA I,1,ANALYTICAL CHEMISTRY I,66.67
1356,QUIMICA ANALITICA II,9,L,20001,S,02010100,QUIMICA ANALITICA II,1,ANALYTICAL CHEMISTRY II,66.67
1501,BIOQUIMICA I,10,L,20001,S,04010100,BIOQUIMICA I,0,BIOCHEMISTRY I,60.00
1601,BIOQUIMICA II,10,L,20001,S,04010100,BIOQUIMICA II,0,BIOCHEMISTRY II,60.00
1648,BACTERIOLOGIA,10,L,20001,S,04030200,BACTERIOLOGIA,0,BACTERIOLOGY,57.10
1741,INMUNOLOGIA GENERAL,10,L,20001,S,04030100,INMUNOLOGIA GENERAL,0,GENERAL INMMUNOLOGY,60.00
1745,GENETICA GENERAL,8,L,20001,S,04010200,GENETICA GENERAL,0,GENERAL GENETICS,50.00
1846,ANALISIS DE MEDICAMENTOS,12,L,20001,S,04020200,ANALISIS DE MEDICAMENTOS,0,PHARMACEUTICAL ANALYSIS,50.00
1848,TOXICOLOGIA,10,L,20001,S,04020100,TOXICOLOGIA,0,TOXICOLOGY,60.00
1946,CONTROL DE CALIDAD,10,L,20001,S,04020300,CONTROL DE CALIDAD,0,QUALITY CONTROL,60.00
1947,BIOFARMACIA,10,L,20001,S,04020300,BIOFARMACIA,0,BIOPHARMACEUTICS,30.00
1070,TECNOLOGIA FARMACEUTICA III,10,L,20001,S,04020300,TECNOLOGIA FARMACEUTICA III,0,PHARMACEUTICAL TECHNOLOGY III,60.00
1071,DESARROLLO FARMACEUTICO,10,L,20001,S,04020300,DESARROLLO FARMACEUTICO,0,PHARMACEUTICAL DEVELOPMENT,60.00
1072,FARMACOGNOSIA,10,L,20001,S,04020100,FARMACOGNOSIA,0,PHARMACOGNOSY,60.00
1073,DESARROLLO ANALITICO,10,L,20001,S,04020200,DESARROLLO ANALITICO,0,ANALYTICAL DEVELOPMENT,60.00
1074,QUIMICA FARMACEUTICA,10,L,20001,S,04020300,QUIMICA FARMACEUTICA,0,PHARMACEUTICAL CHEMISTRY,60.00
1060,PARASITOLOGIA,7,L,20001,S,04030200,PARASITOLOGIA,0,PARASITOLOGY,57.10
1061,MICOLOGIA,7,L,20001,S,04030200,MICOLOGIA,0,MICOLOGY,57.10
1062,VIROLOGIA,7,L,20001,S,04030200,VIROLOGIA,0,VIROLOGY,57.10
1063,HEMATOLOGIA,9,L,20001,S,04030100,HEMATOLOGIA,0,HEMATOLOGY,66.70
1064,ANALISIS CLINICOS II,10,L,20001,S,04010200,ANALISIS CLINICOS II,0,CLINICAL ANALYSIS II,60.00
1065,INMUNOLOGIA APLICADA,10,L,20001,S,04030100,INMUNOLOGIA APLICADA,0,APPLIED INMUNOLOGY,60.00
1588,MICROBIOLOGIA DE ALIMENTOS,10,L,20001,S,04030200,MICROBIOLOGIA DE ALIMENTOS,0,FOODS MICROBIOLOGY,60.00
1682,ANALISIS SENSORIAL,6,L,20001,S,03030200,ANALISIS SENSORIAL,0,SENSORY ANALYSIS,67.70
1782,CONTROL DE CALIDAD I,8,L,20001,S,03030200,CONTROL DE CALIDAD I,0,QUALITY CONTROL I,75.00
1788,ANALISIS DE ALIMENTOS,10,L,20001,S,03030200,ANALISIS DE ALIMENTOS,0,FOOD ANALYSIS,60.00
1787,PRODUCTOS CARNICOS,9,L,20001,S,03030100,PRODUCTOS CARNICOS,0,MEAT PRODUCTS,67.70
1883,NUTRICION I,9,L,20001,S,03030200,NUTRICION I,0,NUTRITION I,67.70
1884,PRODUCTOS DE CEREALES Y LEG.,9,L,20001,S,03030100,PRODUCTOS DE CEREALES Y LEG.,0,CEREALS AND LEGUMINOUS PRODUCTS,67.70
1886,PRODUCTOS LACTEOS,9,L,20001,S,03030100,PRODUCTOS LACTEOS,0,DAIRY PRODUCTS,67.70
1888,BIOTECNOLOGIA,10,L,20001,S,03030200,BIOTECNOLOGIA,0,BIOTECHNOLOGY,80.00
1427,TERMODINAMICA METALURGICA II,12,T,20001,S,01010100,TERMODINAMICA METALURGICA II,0,METALLURGICAL THERMODYNAMICS II,100.00
1327,TERMODINAMICA METALURGICA I,12,L,20001,S,01010100,TERMODINAMICA METALURGICA I,0,METALLURGICAL THERMODYNAMICS I,50.00
1786,PRODUCTOS VEGETALES,9,L,20001,S,03030100,PRODUCTOS VEGETALES,0,VEGETABLES PRODUCTS,67.70
1387,EQUILIBRIO FISICOQUIMICO,11,L,20001,S,01010100,EQUILIBRIO FISICOQUIMICO,0,PHYSICOCHEMICAL EQUILIBRIUM,72.70
1487,FISICOQUIMICA SUP.Y CINET.QUIM,10,L,20001,S,01010200,FISICOQUIMICA SUP.Y CINET.QUIM,0,SURFACES PHYSICOCHEMICAL AND CHEMISTRY KINETICS,80.00
1685,QUIMICA DE ALIMENTOS,8,T,20001,S,03030200,QUIMICA DE ALIMENTOS,0,FOODS CHEMISTRY,100.00
1345,QUIMICA ORGANICA I,9,L,20001,S,02030100,QUIMICA ORGANICA I,0,ORGANIC CHEMISTRY I,60.00
1347,EQUILIBRIO HETEROGENEO,9,L,20001,S,01010100,EQUILIBRIO HETEROGENEO,0,HETEROGENEOUS EQUILIBRIUM,66.70
1748,ANALISIS CLINICOS I,10,L,20001,S,04010200,ANALISIS CLINICOS I,0,CLINICAL ANALYSIS,60.00
1305,QUIMICA ORGANICA I,9,L,20001,S,02030100,QUIMICA ORGANICA I,0,ORGANIC CHEMISTRY I,65.00
1435,COMPUESTOS CON C. H. Y HALOGEN,10,L,20001,S,02030100,COMPUESTOS CON C. H. Y HALOGEN,0,"COMPOUNDS OF CARBON, HYDROGEN AND HALOGENS",60.00
1524,ANALISIS INSTRUMENTAL METALURG,9,L,20001,S,02010300,ANALISIS INSTRUMENTAL METALURG,0,INSTRUMENTAL ANALYSIS IN METALLURGY,60.00
1526,PROCESOS SEPARACION Y CONCENT.,10,L,20001,S,03020100,PROCESOS SEPARACION Y CONCENT.,0,SEPARATION AND CONCENTRATION PROCESSES,60.00
1527,QUIMICA DE SOLUCIONES IONICAS,9,L,20001,S,01010200,QUIMICA DE SOLUCIONES IONICAS,0,CHEMISTRY OF IONIC SOLUTIONS,66.70
1535,COMPUESTOS CON C.H.O.N. Y S.,10,L,20001,S,02030100,COMPUESTOS CON C.H.O.N. Y S.,0,COMPOUNDS OF C.H.O.N. AND S.,60.00
1920,PROYECTO,25,T,20001,S,03020300,PROYECTO,0,PROJECT,100.00
1821,FUNDICION,10,L,20001,S,03020200,FUNDICION,0,FOUNDRY,60.00
1826,PIROREFINACION,10,L,20001,S,03020100,PIROREFINACION,0,PYROREFINATION,60.00
1425,FUNDAMENTOS METALURGIA FISICA,10,L,20001,S,03020200,FUNDAMENTOS METALURGIA FISICA,0,PRINCIPLES OF PHYSICAL METALLURGY,70.00
1103,CINEMATICA Y DINAMICA,8,L,20001,S,01020100,CINEMATICA Y DINAMICA,0,KINEMATICS AND DYNAMICS,
1104,QUIMICA GENERAL,20,L,20001,S,02020100,QUIMICA GENERAL,0,GENERAL CHEMISTRY,
1213,ESTATICA,8,L,20001,S,01020200,ESTATICA,0,STATICS,75.00
1207,TERMODINAMICA,11,L,20001,S,01010100,TERMODINAMICA,0,THERMODYNAMICS,
1203,ELECTROMAGNETISMO,8,L,20001,S,01020100,ELECTROMAGNETISMO,1,ELECTROMAGNETISM,83.00
1232,ELECTROMAGNETISMO,10,L,20001,S,01020100,ELECTROMAGNETISMO,1,ELECTROMAGNETISM,
1304,QUIMICA INORGANICA,9,L,20001,S,02020200,QUIMICA INORGANICA,0,INORGANIC CHEMISTRY,65.00
1317,PROPIEDADES TERMODINAMICAS,10,L,20001,S,01010100,PROPIEDADES TERMODINAMICAS,0,THERMODYNAMIC PROPERTIES,80.00
1303,BALANCES DE MATERIA Y ENERGIA,12,L,20001,S,03010100,BALANCES DE MATERIA Y ENERGIA,0,MASS AND ENERGY BALANCES,80.00
1405,QUIMICA ORGANICA II,9,L,20001,S,02030100,QUIMICA ORGANICA II,0,ORGANIC CHEMISTRY II,65.00
1445,QUIMICA ORGANICA II,10,L,20001,S,02030100,QUIMICA ORGANICA II,0,ORGANIC CHEMISTRY II,60.00
1545,QUIMICA ORGANICA III,9,L,20001,S,02030100,QUIMICA ORGANICA III,0,ORGANIC CHEMISTRY III,65.00
1645,QUIMICA ORGANICA IV,10,L,20001,S,02030100,QUIMICA ORGANICA IV,0,ORGANIC CHEMISTRY IV,60.00
1403,FLUJO DE FLUIDOS,10,L,20001,S,03010100,FLUJO DE FLUIDOS,0,FLUID FLOW,80.00
1417,EQUILIBRIO FISICO,10,L,20001,S,01010100,EQUILIBRIO FISICO,0,PHASE EQUILIBRIUM,80.00
1517,EQUILIBRIO QUIMICO,10,L,20001,S,01010100,EQUILIBRIO QUIMICO,0,CHEMICAL EQUILIBRIUM,80.00
1513,TRANSFERENCIA DE CALOR,12,L,20001,S,03010100,TRANSFERENCIA DE CALOR,0,HEAT TRANSFER,80.00
1611,ELECTROQUIMICA,10,L,20001,S,01010200,ELECTROQUIMICA,0,ELECTROCHEMISTRY,80.00
1617,FENOMENOS DE SUPERFICIE,10,L,20001,S,01010200,FENOMENOS DE SUPERFICIE,0,SURFACE CHEMISTRY PHENOMENA,80.00
1613,PROCESOS DE SEPARACION I,12,L,20001,S,03010100,PROCESOS DE SEPARACION I,0,SEPARATION PROCESSES I,80.00
1714,PROCESOS DE SEPARACION II,12,L,20001,S,03010100,PROCESOS DE SEPARACION II,0,SEPARATION PROCESSES II,80.00
1717,CINETICA QUIMICA Y CATALISIS,10,L,20001,S,01010200,CINETICA QUIMICA Y CATALISIS,0,CHEMICAL KINETICS AND CATALYSIS,80.00
1813,INGENIERIA DE REACTORES,12,L,20001,S,03010100,INGENIERIA DE REACTORES,0,REACTOR ENGINEERING,80.00
1713,SIMULAC Y OPTIMIZ DE PROCESOS,10,T,20001,S,03010100,SIMULAC Y OPTIMIZ DE PROCESOS,0,PROCESS SIMULATION AND OPTIMIZATION,100.00
1913,INGENIERIA DE PROYECTOS,30,L,20001,S,03010100,INGENIERIA DE PROYECTOS,0,PROJECT ENGINEERING,80.00
1013,MATERIALES II,8,L,20001,S,03010200,MATERIALES II,0,MATERIALS II,80.00
1012,MATERIALES I,8,L,20001,S,03010200,MATERIALES I,0,MATERIALS I,80.00
1556,Q. ANALITICA INSTRUMENTAL I,9,L,20001,S,02010200,Q. ANALITICA INSTRUMENTAL I,0,INSTRUMENTAL ANALYTICAL CHEMISTRY I,66.67
1656,Q. ANALITICA INSTRUMENTAL II,9,L,20001,S,02010200,Q. ANALITICA INSTRUMENTAL II,0,INSTRUMENTAL ANALYTICAL CHEMISTRY II,66.67
1335,INTRODUC. A LA QUIM. ORGANICA,10,L,20001,S,02030100,INTRODUC. A LA QUIM. ORGANICA,0,INTRODUCTION TO ORGANIC CHEMISTRY,60.00
1432,ONDAS Y OPTICA,8,L,20001,S,01020100,ONDAS Y OPTICA,0,WAVES AND OPTICS,83.00
1437,PROPIEDADES FISICOQUIMICAS,9,L,20001,S,01010100,PROPIEDADES FISICOQUIMICAS,0,PHYSICAL CHEMISTRY III,66.70
1434,QUIMICA DEL ESTADO SOLIDO,9,L,20001,S,02020200,QUIMICA DEL ESTADO SOLIDO,0,SOLID STATE CHEMISTRY,67.00
1537,EQUILIBRIO FISICOQUIMICO,9,L,20001,S,01010100,EQUILIBRIO FISICOQUIMICO,0,PHYSICOCHEMICAL EQUILIBRIUM,66.70
1534,QUIMICA INORGANICA COVALENTE,9,L,20001,S,02020200,QUIMICA INORGANICA COVALENTE,0,COVALENT INORGANIC CHEMISTRY,67.00
1637,EQUIL.EN INTER.Y CINETICA FISC,9,L,20001,S,01010200,EQUIL.EN INTER.Y CINETICA FISC,0,EQUIL IN INTER AND PHYSICAL KINETICS,66.90
1634,QUIMICA DE COORDINACION,9,L,20001,S,02020200,QUIMICA DE COORDINACION,0,COORDINATION CHEMISTRY,62.00
1635,COMPUESTOS CARBONILICOS,10,L,20001,S,02030100,COMPUESTOS CARBONILICOS,0,CARBONYLIC PRODUCTS,60.00
1738,BIOQUIMICA CELULAR,9,L,20001,S,04010100,BIOQUIMICA CELULAR,0,CELLULAR BIOCHEMISTRY,60.00
1737,CINETICA QUIMICA,9,L,20001,S,01010200,CINETICA QUIMICA,0,CHEMICAL KINETICS,66.70
1734,QUIMICA ORGANOMETALICA,9,L,20001,S,02020200,QUIMICA ORGANOMETALICA,0,ORGANOMETALLIC CHEMISTRY,67.00
1735,COMPUESTOS ORG. HETEROCICLIC.,10,L,20001,S,02030100,COMPUESTOS ORG. HETEROCICLIC.,0,HETEROCYCLIC ORGANIC COMPOUNDS,60.00
1838,BIOQUIMICA METABOLICA,9,L,20001,S,04010100,BIOQUIMICA METABOLICA,0,METABOLIC BIOCHEMISTRY,60.00
1830,QUIMICA EXPERIMENTAL APLIC.,22,T,20001,S,02030200,QUIMICA EXPERIMENTAL APLIC.,0,APPLIED EXPER CHEMISTRY,100.00
1938,BIOSINTESIS MICROBIANA,9,L,20001,S,04030200,BIOSINTESIS MICROBIANA,0,MICROBIAN BIOSYNTHESIS,66.70
1033,EL LAB. DE CONT. Y DES. ANALIT,6,T,20001,S,02010100,EL LAB. DE CONT. Y DES. ANALIT,0,ANALYTIC CONTROL AND DEVELOPMENT LABORATORY,100.00
1348,FISIOLOGIA,11,L,20001,S,04030100,FISIOLOGIA,0,PHYSIOLOGY,72.70
1447,FISICOQUIMICA FARMACEUTICA,9,L,20001,S,01010200,FISICOQUIMICA FARMACEUTICA,0,PHISICAL PHARMACY,66.70
1448,MICROBIOLOGIA GENERAL,12,L,20001,S,04030200,MICROBIOLOGIA GENERAL,0,GENERAL MICROBIOLOGY I,50.00
1541,FARMACOLOGIA GENERAL,9,L,20001,S,04020100,FARMACOLOGIA GENERAL,0,GENERAL PHARMACOLOGY,70.00
1548,MICROBIOLOGIA GENERAL II,9,L,20001,S,04030200,MICROBIOLOGIA GENERAL II,0,GENERAL MICROBIOLOGY II,66.70
1641,FARMACOLOGIA APLICADA,9,L,20001,S,04020100,FARMACOLOGIA APLICADA,0,APPLIED PHARMACOLOGY,70.00
1647,TECNOLOGIA FARMACEUTICA I,10,L,20001,S,04020300,TECNOLOGIA FARMACEUTICA I,0,PHARMACEUTICAL TECHNOLOGY I,60.00
1747,TECNOLOGIA FARMACEUTICA II,10,L,20001,S,04020300,TECNOLOGIA FARMACEUTICA II,0,PHARMACEUTICAL TECHNOLOGY II,60.00
1017,PETROQUIMICA II,8,L,20001,S,03010200,PETROQUIMICA II,0,PETROCHEMICAL II,80.00
1744,BIOSINTESIS INDUSTRIALES,7,L,20001,S,04030200,BIOSINTESIS INDUSTRIALES,0,INDUSTRIAL BIOSYNTHESIS,57.10
1636,METOD. ELECTROM. Y DE SEPARAC.,9,L,20001,S,02010200,METOD. ELECTROM. Y DE SEPARAC.,0,ELECTROMETRICS OF SEPARATION METHODS,
1783,TOXICOLOGIA DE ALIMENTOS,9,L,20001,S,03030100,TOXICOLOGIA DE ALIMENTOS,0,FOOD TOXICOLOGY,67.70
9902,QUIMICA BASICA,0,T,20051,S,0,QUIMICA BASICA,0,,
9903,LABORATORIO DE QUIMICA BASICA,0,L,20051,S,0,LABORATORIO DE QUIMICA BASICA,0,,
9905,TALLER DE DESARROLLO PERSONAL,0,T,20051,S,0,TALLER DE DESARROLLO PERSONAL,0,,
9906,CONFERENCIAS,0,T,20051,S,0,CONFERENCIAS,0,,
1113,FISICA I,8,T,20061,S,01020100,FISICA I,0,PHYSICAL I,100.00
1110,ALGEBRA SUPERIOR,8,T,20061,S,01030100,ALGEBRA SUPERIOR,0,SUPERIOR ALGEBRA,100.00
1114,QUIMICA GENERAL I,9,L,20061,S,02020100,QUIMICA GENERAL I,0,GENERAL CHEMISTRY I,56.00
1111,CALCULO I,8,T,20061,S,01030100,CALCULO I,0,CALCULUS I,100.00
1010,SINTESIS DE POLIMEROS,8,L,20001,S,03010200,SINTESIS DE POLIMEROS,0,POLYMERS I,80.00
9999,TALLER DE MATEMATICAS,0,T,20051,S,01030100,TALLER DE CALCULO I,0,,100.00
1112,CIENCIA Y SOCIEDAD,6,T,20061,S,09990000,CIENCIA Y SOCIEDAD,0,SOCIETY AND SCIENCE,100.00
0237,LABORATORIO DE CATALISIS,3,0,0,S,0,LABORATORIO DE CATALISIS,0,0,0.00
0239,LABORATORIO DE POLIMEROS II,3,0,0,S,0,LABORATORIO DE POLIMEROS II,0,0,0.00
0169,PANIFICACION,6,0,0,S,0,PANIFICACION,0,0,0.00
0079,IDEAS PREVIAS,6,0,0,S,0,IDEAS PREVIAS,0,0,0.00
0115,ENDOCRINOLOGIA,6,0,0,S,0,ENDOCRINOLOGIA,0,0,0.00
0116,FISIOPATOLOGIA,6,0,0,S,0,FISIOPATOLOGIA,0,0,0.00
0070,BIOLOGIA CELULAR,6,0,0,S,0,BIOLOGIA CELULAR,0,0,0.00
0159,FACTORES TOXICOS,6,0,0,S,0,FACTORES TOXICOS,0,0,0.00
0165,NUTRICION HUMANA,6,0,0,S,0,NUTRICION HUMANA,0,0,0.00
0071,CELULOSA Y PAPEL I,6,0,0,S,0,CELULOSA Y PAPEL I,0,0,0.00
0089,RECURSOS NATURALES,6,0,0,S,0,RECURSOS NATURALES,0,0,0.00
0177,PRODUCTOS CARNICOS,6,0,0,S,0,PRODUCTOS CARNICOS,0,0,0.00
0072,CELULOSA Y PAPEL II,6,0,0,S,0,CELULOSA Y PAPEL II,0,0,0.00
0088,QUIMICA COMPUTACIONAL,6,0,0,S,0,QUIMICA COMPUTACIONAL,0,0,0.00
0091,SINTESIS DE CERAMICOS,6,0,0,S,0,SINTESIS DE CERAMICOS,0,0,0.00
0171,TECNOLOGIA DE CEREALES,6,0,0,S,0,TECNOLOGIA DE CEREALES,0,0,0.00
0274,PROTECCION AMBIENTAL II,6,0,0,S,0,PROTECCION AMBIENTAL II,0,0,0.00
1702,COMUNICACION CIENTIFICA,6,0,0,S,0,COMUNICACION CIENTIFICA,0,0,0.00
1707,BIOQUIMICA EXPERIMENTAL,6,0,0,S,0,BIOQUIMICA EXPERIMENTAL,0,0,0.00
0150,ASEGURAMIENTO DE CALIDAD,6,0,0,S,0,ASEGURAMIENTO DE CALIDAD,0,0,0.00
0275,PROTECCION AMBIENTAL III,6,0,0,S,0,PROTECCION AMBIENTAL III,0,0,0.00
0075,EQUILIBRIO DE ECOSISTEMAS,6,0,0,S,0,EQUILIBRIO DE ECOSISTEMAS,0,0,0.00
0103,TEORIA DE LA ORGANIZACION,6,0,0,S,0,TEORIA DE LA ORGANIZACION,0,0,0.00
0204,ADMINISTRACION DEL RIESGO,6,0,0,S,0,ADMINISTRACION DEL RIESGO,0,0,0.00
0155,LEGISLACION Y NORMATIVIDAD,6,0,0,S,0,LEGISLACION Y NORMATIVIDAD,0,0,0.00
0157,MECANISMOS DE PATOGENICIDAD,6,0,0,S,0,MECANISMOS DE PATOGENICIDAD,0,0,0.00
0148,TECNOLOGIA DE FERMENTACIONES,6,0,0,S,0,TECNOLOGIA DE FERMENTACIONES,0,0,0.00
0168,GRASAS Y ACEITES COMESTIBLES,6,0,0,S,0,GRASAS Y ACEITES COMESTIBLES,0,0,0.00
0166,TOPICOS SELECTOS EN NUTRICION,6,0,0,S,0,TOPICOS SELECTOS EN NUTRICION,0,0,0.00
1812,FUNDAMENTOS DE ADMINISTRACION,6,0,0,S,0,FUNDAMENTOS DE ADMINISTRACION,0,0,0.00
0092,SISTEMAS DE INFORMACION DIGITAL,6,0,0,S,0,SISTEMAS DE INFORMACION DIGITAL,0,0,0.00
0090,SEMINARIO DE LA PRACTICA DOCENTE,6,0,0,S,0,SEMINARIO DE LA PRACTICA DOCENTE,0,0,0.00
1704,QUIMICA ANALITICA INSTRUMENTAL I,6,0,0,S,0,QUIMICA ANALITICA INSTRUMENTAL I,0,0,0.00
0077,FISICOQUIMICA DE MEZCLAS LIQUIDAS,6,0,0,S,0,FISICOQUIMICA DE MEZCLAS LIQUIDAS,0,0,0.00
0093,TERMODINAMICA IRREVERSIBLE LINEAL,6,0,0,S,0,TERMODINAMICA IRREVERSIBLE LINEAL,0,0,0.00
0078,HISTORIA Y FILOSOFIA DE LA CIENCIA,6,0,0,S,0,HISTORIA Y FILOSOFIA DE LA CIENCIA,0,0,0.00
0087,PROPIEDADES FISICAS DE LOS SOLIDOS,6,0,0,S,0,PROPIEDADES FISICAS DE LOS SOLIDOS,0,0,0.00
0086,OPTIMIZACION Y PROCESOS DE SINTESIS,6,0,0,S,0,OPTIMIZACION Y PROCESOS DE SINTESIS II,0,0,0.00
0083,INTRODUCCION A LA SIMULACION MOLECUL,6,0,0,S,0,INTRODUCCION A LA SIMULACION MOLECULAR,0,0,0.00
0094,TOPICOS SELECTOS DE LA EDUCACION QUI,6,0,0,S,0,TOPICOS SELECTOS DE LA EDUCACION QUIMICA,0,0,0.00
0073,CONSTRUCTIVISMO Y ENSEÑANZA DE LA CI,6,0,0,S,0,CONSTRUCTIVISMO Y ENSEÑANZA DE LA CIENCIA,0,0,0.00
0153,FUNCIONAMIENTO DE INGREDIENTES Y ADI,6,0,0,S,0,FUNCIONAMIENTO DE INGREDIENTES Y ADITIVOS,0,0,0.00
0084,INTRODUCCION A LA TERMODINAMICA ESTA,6,0,0,S,0,INTRODUCCION A LA TERMODINAMICA ESTADISTICA,0,0,0.00
0080,INTRODUCCION A LA DINAMICA QUIMICA N,6,0,0,S,0,INTRODUCCION A LA DINAMICA QUIMICA NO LINEAL,0,0,0.00
0076,FISICOQUIMICA DE SISTEMAS MOLECULARE,6,0,0,S,0,FISICOQUIMICA DE SISTEMAS MOLECULARES ORGANICOS,0,0,0.00
0158,TECNOLOGIAS AVANZADAS EN MICROBIOL.,6,0,0,S,0,TECNOLOGIAS AVANZADAS EN MICROBIOL. DE ALIMENTOS,0,0,0.00
0181,FLOTACION,8,0,0,S,0,FLOTACION,0,0,0.00
0136,FARMACOTERAPIA II,8,0,0,S,0,FARMACOTERAPIA II,0,0,0.00
0138,FARMACOVIGILANCIA,8,0,0,S,0,FARMACOVIGILANCIA,0,0,0.00
0206,BIOQUIMICA GENERAL,8,0,0,S,0,BIOQUIMICA GENERAL,0,0,0.00
0147,TECNOLOGIA ENZIMATICA,8,0,0,S,0,TECNOLOGIA ENZIMATICA,0,0,0.00
0172,TECNOLOGIA DE FRUTAS Y HORTALIZAS,8,0,0,S,0,TECNOLOGIA DE FRUTAS Y HORTALIZAS,0,0,0.00
0188,MICROSCOPIA DE BARRIDO ELECTRONICO,8,0,0,S,0,MICROSCOPIA DE BARRIDO ELECTRONICO,0,0,0.00
0183,INTRODUCCION A LA CIENCIA DE POLIMER,8,0,0,S,0,INTRODUCCION A LA CIENCIA DE POLIMEROS,0,0,0.00
0184,MATERIALES COMPUESTOS DE MATRIZ META,8,0,0,S,0,MATERIALES COMPUESTOS DE MATRIZ METALICA,0,0,0.00
0185,METALURGIA DE ALEACIONES COLADAS BAS,8,0,0,S,0,METALURGIA DE ALEACIONES COLADAS BASE ALUMNIO,0,0,75.00
0178,ANALIS MAT D TRAB EXP EN ING D PROC,8,0,0,S,0,ANALIS MAT D TRAB EXP EN ING D PROC META Y MATE,0,0,0.00
0180,CERAMICOS,9,0,0,S,0,CERAMICOS,0,0,0.00
1312,FISIOLOGIA,9,0,0,S,0,FISIOLOGIA,0,0,0.00
0179,BIOLIXIVIACION DE MINERALES,9,0,0,S,0,BIOLIXIVIACION DE MINERALES,0,0,0.00
0187,METALURGIA DE POLVOS Y SOLDADURA,9,0,0,S,0,METALURGIA DE POLVOS Y SOLDADURA,0,0,67.00
0034,QUIMICA BIOINORGANICA,10,0,0,S,0,QUIMICA BIOINORGANICA,0,0,0.00
0218,INGENIERIA BIOQUIMICA,10,0,0,S,0,INGENIERIA BIOQUIMICA,0,0,0.00
0068,SINTESIS DE MATERIALES,10,0,0,S,0,SINTESIS DE MATERIALES,0,0,0.00
0131,MICROBIOLOGIA AMBIENTAL II,10,0,0,S,0,MICROBIOLOGIA AMBIENTAL II,0,0,0.00
0112,TECNOLOGIA FARMACEUTICA III,10,0,0,S,0,TECNOLOGIA FARMACEUTICA III,0,0,0.00
0031,INTRODUCCION A LOS MATERIALES,10,0,0,S,0,INTRODUCCION A LOS MATERIALES,0,0,0.00
0069,TECNICAS DE ANALISIS DE SOLIDOS,10,0,0,S,0,TECNICAS DE ANALISIS DE SOLIDOS,0,0,0.00
0216,ESTANCIA ACADEMICA,24,0,0,S,0,ESTANCIA ACADEMICA,0,0,0.00
0217,ESTANCIA PROFESIONAL,24,0,0,S,0,ESTANCIA PROFESIONAL,0,0,0.00
1905,ESTANCIA ESTUDIANTIL,25,0,0,S,0,ESTANCIA ESTUDIANTIL,0,0,0.00
1205,CALCULO II,8,T,0,S,01030100,CALCULO II,1,CALCULUS II,100.00
1209,FISICA II,8,T,0,S,01020000,FISICA II,0,PHYSICAL II,100.00
1210,LABORATORIO DE FISICA,4,T,0,S,01020000,LABORATORIO DE FISICA,0,PHYSICAL LABORATORY,100.00
0099,PENSAMIENTO Y APRENDIZAJE,6,T,0,S,09990000,PENSAMIENTO Y APRENDIZAJE,0,0,100.00
0100,PSICOLOGIA DEL TRABAJO HUMANO,6,T,0,S,09990000,PSICOLOGIA DEL TRABAJO HUMANO,0,0,100.00
0101,REGIONES SOCIOECONOMICAS,6,0,0,S,09990000,REGIONES SOCIOECONOMICAS,0,0,0.00
0102,RELACIONES HUMANAS,6,T,0,S,09990000,RELACIONES HUMANAS,0,0,100.00
1214,BIOLOGIA CELULAR,6,T,0,S,04030000,BIOLOGIA CELULAR,0,0,100.00
9997,TALLER DE CALCULO II,0,T,20051,S,01030100,TALLER DE CALCULO II,0,,100.00
1311,QUIMICA ORGANICA I,10,L,0,S,02030100,QUIMICA ORGANICA I,0,ORGANIC CHEMISTRY I,60.00
1309,FUNDAMENTOS DE ESPECTROSCOPIA,8,L,0,S,01020100,FUNDAMENTOS DE ESPECTROSCOPIA,0,SPECTROSCOPY OF FUNDAMENTAL,75.00
1308,EQUILIBRIO Y CINETICA,9,L,0,S,01010100,EQUILIBRIO Y CINETICA,0,KINETICS AND EQUILIBRIUM,67.00
1316,BALANCES DE MATERIA Y ENERGIA,10,T,0,S,03010100,BALANCES DE MATERIA Y ENERGIA,0,0,100.00
0095,ECONOMIA Y SOCIEDAD,6,T,0,S,09990000,ECONOMIA Y SOCIEDAD,0,0,100.00
0097,FUNDAMENTOS DE ADMINISTRACION,6,T,0,S,09990000,FUNDAMENTOS DE ADMINISTRACION,0,0,100.00
1310,QUIMICA INORGANICA I,9,L,0,S,02020200,QUIMICA INORGANICA I,0,INORGANIC CHEMISTRY I,67.00
1089,CIENCIA Y ARTE I,6,T,20071,S,09990000,CIENCIA Y ARTE I,0,,100.00
1090,CIENCIA Y ARTE II,6,T,20071,S,09990000,CIENCIA Y ARTE II,0,,0.00
1456,QUIMICA ANALITICA III,9,L,20001,S,02010100,QUIMICA ANALITICA III,1,ANALYTICAL CHEMISTRY III,66.67
0164,FISIOLOGIA,9,L,0,S,04030100,FISIOLOGIA,0,0,66.70
1315,METALURGIA Y SOCIEDAD,6,T,0,S,03020300,METALURGIA Y SOCIEDAD,0,0,100.00
1314,FUNDAMENTOS DE METALURGIA Y MATERIAL,8,L,0,S,03020300,FUNDAMENTOS DE METALURGIA Y MATERIALES,0,0,75.00
1413,QUIMICA ORGANICA II,10,L,0,S,02030100,QUIMICA ORGANICA II,0,ORGANIC CHEMISTRY II,60.00
1412,QUIMICA ORGANICA II,9,L,0,S,02030100,QUIMICA ORGANICA II,0,0,65.00
1407,QUIMICA ORGANICA II,10,L,0,S,02030100,QUIMICA ORGANICA II,0,0,60.00
1411,QUIMICA ORGANICA II,9,L,0,S,02030100,QUIMICA ORGANICA II,0,0,65.00
1404,QUIMICA CUANTICA I,8,T,0,S,01020000,QUIMICA CUANTICA I,0,QUANTUM CHEMISTRY I,0.00
1212,TERMODINAMICA,11,L,0,S,01010100,TERMODINAMICA,0,THERMODYNAMICS,73.00
1211,QUIMICA GENERAL II,8,L,20001,S,02020100,QUIMICA GENERAL II,0,GENERAL CHEMISTRY II,50.00
1424,METODOS NUMERICOS,6,T,0,S,01030200,METODOS NUMERICOS,0,0,0.00
1410,MICROBIOLOGIA GENERAL,6,T,0,S,04030200,MICROBIOLOGIA GENERAL,0,0,0.00
1428,TRANSFERENCIA DE MOMENTUM,6,T,0,S,03010100,TRANSFERENCIA DE MOMENTUM,0,0,100.00
1400,ESTADISTICA,8,T,0,S,01030200,ESTADISTICA,0,STATISTICS,0.00
1420,INTRODUCCION A LA CIENCIA E INGENIER,8,L,0,S,03020300,INTRODUCCION A LA CIENCIA E INGENIERIA DE MATERIAL,0,0,75.00
1408,FARMACOLOGIA I,9,L,0,S,04020100,FARMACOLOGIA I,0,0,70.00
1402,QUIMICA ANALITICA I,9,L,0,S,02010100,QUIMICA ANALITICA I,0,ANALYTICAL CHEMISTRY I,67.00
1406,QUIMICA INORGANICA II,9,L,0,S,02020200,QUIMICA INORGANICA II,0,INORGANIC CHEMISTRY II,67.00
1419,EQUILIBRIO DE FASES EN METALURGIA Y,9,T,0,S,03020100,EQUILIBRIO DE FASES EN METALURGIA Y MATERIALES,0,0,70.00
1422,INTRODUC. A LA ING. DE PROCESOS META,9,T,0,S,03020100,INTRODUC. A LA ING. DE PROCESOS METAL. Y DE MAT.,0,0,67.00
1426,TERMODINAMICA QUIMICA,10,T,0,S,01010100,TERMODINAMICA QUIMICA,0,0,0.00
1401,FISICOQUIMICA DE IONICA Y ELECTRODIC,6,T,0,S,01010100,FISICOQUIMICA DE IONICA Y ELECTRODICA,0,ELECTRODE AND IONIC PHYSICOCHEMICAL,0.00
1011,CARACTERIZACION Y PROCES D POLIMEROS,8,L,20001,S,03010200,CARACTERIZACION Y PROCES D POLIMEROS,0,POLYMERS II,80.00
1814,DINAMICA Y CONTROL DE PROCESOS,10,T,20001,S,03010100,DINAMICA Y CONTROL DE PROCESOS,0,PROCESS DYNAMICS AND CONTROL,100.00
1935,TRABAJO DE INVESTIGACION,20,T,20001,S,02030000,TRABAJO DE INVESTIGACION,0,RESEARCH,100.00
0167,CONFITERIA,6,L,0,S,03030100,CONFITERIA,0,0,0.00
0152,ENVASES PARA ALIMENTOS,6,T,0,S,03030100,ENVASES PARA ALIMENTOS,0,0,0.00
1538,CINETICA QUIMICA Y CATALISIS,6,T,0,S,01010200,CINETICA QUIMICA Y CATALISIS,0,0,0.00
1540,ELECTROQUIMICA,6,T,0,S,01010200,ELECTROQUIMICA,0,0,0.00
1542,FENOMENOS DE SUPERFICIE,6,T,0,S,01010200,FENOMENOS DE SUPERFICIE,0,0,0.00
1543,INGENIERIA DE FLUIDOS,7,T,0,S,03010100,INGENIERIA DE FLUIDOS,0,0,0.00
1544,LABORATORIO DE INGENIERIA QUIMICA I,3,T,0,S,03010100,LABORATORIO DE INGENIERIA QUIMICA I,0,0,0.00
1547,TRANSFERENCIA DE ENERGIA,6,T,0,S,03010100,TRANSFERENCIA DE ENERGIA,0,0,0.00
1500,FISIOLOGIA MICROBIANA,4,T,0,S,04030200,FISIOLOGIA MICROBIANA,0,0,0.00
1528,ANALISIS DE SISTEMAS REACCIONANTES E,9,T,0,S,03020300,ANALISIS DE SISTEMAS REACCIONANTES EN METALURGIA,0,0,67.00
1530,BENEFICIO DE MINERALES,9,L,0,S,03020300,BENEFICIO DE MINERALES,0,0,70.00
1531,METALURGIA QUIMICA EXPERIMENTAL,4,T,0,S,03020300,METALURGIA QUIMICA EXPERIMENTAL,0,0,0.00
1532,TRANSFORMACIONES DE FASE,9,L,0,S,03020300,TRANSFORMACIONES DE FASE,0,0,67.00
1533,TRANSPORTE DE ENERGIA,9,L,0,S,03020300,TRANSPORTE DE ENERGIA,0,0,67.00
1504,QUIMICA ANALITICA II,6,T,0,S,02010100,QUIMICA ANALITICA II,0,ANALYTICAL CHEMISTRY II,0.00
1507,ANALITICA EXPERIMENTAL I,3,T,0,S,02010100,ANALITICA EXPERIMENTAL I,0,0,0.00
1508,BIOQUIMICA,8,T,0,S,04010100,BIOQUIMICA,0,0,0.00
1509,FARMACOLOGIA II,9,L,0,S,04020100,FARMACOLOGIA II,0,0,70.00
1515,MICROBIOLOGIA EXPERIMENTAL,6,T,0,S,04030200,MICROBIOLOGIA EXPERIMENTAL,0,0,0.00
1521,QUIMICA ORGANICA III,9,L,0,S,02030100,QUIMICA ORGANICA III,0,0,65.00
1503,METROLOGIA,4,T,0,S,01020100,METROLOGIA,0,METROLOGY,0.00
1505,QUIMICA INORGANICA III,9,L,0,S,02020200,QUIMICA INORGANICA III,0,INORGANIC CHEMISTRY III,67.00
1512,DISEÑO DE EXPERIMENTOS,6,T,0,S,01030200,DISEÑO DE EXPERIMENTOS,0,0,0.00
1514,FISICOQUIMICA DE ALIMENTOS,6,T,0,S,01010100,FISICOQUIMICA DE ALIMENTOS,0,0,0.00
1519,QUIMICA DE ALIMENTOS I,8,T,0,S,03030200,QUIMICA DE ALIMENTOS I,0,0,0.00
1506,QUIMICA ORGANICA III,10,L,0,S,02030100,QUIMICA ORGANICA III,0,ORGANIC CHEMISTRY III,60.00
0277,HISTORIA Y FILOSOFIA DE LA QUIMICA,6,T,0,S,09990000,HISTORIA Y FILOSOFIA DE LA QUIMICA,0,0,0.00
1206,ESTRUCTURA DE LA MATERIA,6,T,0,S,01020100,ESTRUCTURA DE LA MATERIA,0,ATOMIC STRUCTURE,100.00
1605,QUIMICA INORGANICA IV,9,L,0,S,02020100,QUIMICA INORGANICA IV,0,INORGANIC CHEMISTRY IV,67.00
1606,QUIMICA ORGANICA IV,10,L,0,S,02030100,QUIMICA ORGANICA IV,0,ORGANIC CHEMISTRY IV,60.00
1628,QUIMICA ORGANICA III,10,L,0,S,02030100,QUIMICA ORGANICA III,0,0,60.00
1602,ANALITICA EXPERIMENTAL I,4,0,0,S,02010100,ANALITICA EXPERIMENTAL I,0,EXPEREMENTAL ANALYTICAL I,0.00
1603,CINETICA QUIMICA,6,0,0,S,01010100,CINETICA QUIMICA,0,KINETICS CHEMISTRY,0.00
1604,QUIMICA ANALITICA III,6,0,0,S,02010100,QUIMICA ANALITICA III,0,0,0.00
1607,ANALITICA EXPERIMENTAL II,3,T,0,S,02010100,ANALITICA EXPERIMENTAL II,0,0,0.00
1608,ATENCION FARMACEUTICA,6,0,0,S,04020100,ATENCION FARMACEUTICA,0,0,100.00
1609,BACTERIOLOGIA,6,0,0,S,04030100,BACTERIOLOGIA,0,0,0.00
1610,BACTERIOLOGIA EXPERIMENTAL,5,T,0,S,04030100,BACTERIOLOGIA EXPERIMENTAL,0,0,0.00
1612,QUIMICA ANALITICA INSTRUMENTAL I,6,0,0,S,02010100,QUIMICA ANALITICA INSTRUMENTAL I,0,0,0.00
1614,TOXICOLOGIA,10,L,0,S,04020100,TOXICOLOGIA,0,0,60.00
1618,LABORATORIO DE ALIMENTOS I,8,T,0,S,03030100,LABORATORIO DE ALIMENTOS I,0,0,0.00
1620,NUTRICION,6,0,0,S,03030100,NUTRICION,0,0,0.00
1630,GENETICA Y BIOLOGIA MOLECULAR,8,0,0,S,04010100,GENETICA Y BIOLOGIA MOLECULAR,0,0,0.00
1631,FUNDAMENTOS DE PROCESADO ELECTROMETA,11,0,0,S,03020100,FUNDAMENTOS DE PROCESADO ELECTROMETALURGICO,0,0,73.00
1632,PIROMETALURGIA,8,0,0,S,03020100,PIROMETALURGIA,0,0,75.00
1638,TRATAMIENTOS TERMICOS,9,0,0,S,03020100,TRATAMIENTOS TERMICOS,0,0,70.00
1640,INGENIERIA DE CALOR,7,0,0,S,03010100,INGENIERIA DE CALOR,0,0,0.00
1642,INGENIERIA DE REACTORES I,6,0,0,S,03010100,INGENIERIA DE REACTORES I,0,0,0.00
1644,LABORATORIO UNIFICADO DE FISICOQUIMI,4,T,0,S,01010100,LABORATORIO UNIFICADO DE FISICOQUIMICA,0,0,0.00
1646,LABORATORIO DE INGENIERIA QUIMICA II,3,T,0,S,03010100,LABORATORIO DE INGENIERIA QUIMICA II,0,0,0.00
1649,TRANSFERENCIA DE MASA,6,0,0,S,03010100,TRANSFERENCIA DE MASA,0,0,0.00
1619,MICROBIOLOGIA DE ALIMENTOS,10,0,0,S,04030100,MICROBIOLOGIA DE ALIMENTOS,0,0,0.00
1643,INGENIERIA ECONOMICA I,6,0,0,S,03010100,INGENIERIA ECONOMICA I,0,0,0.00
0221,INTRODUCCION A LA CIENCIA DE POLIMER,6,0,0,S,03010100,INTRODUCCION A LA CIENCIA DE POLIMEROS,0,0,0.00
0214,ECONOMIA Y ADMINISTRACION I,6,0,0,S,03010100,ECONOMIA Y ADMINISTRACION I,0,0,0.00
0098,FUNDAMENTOS DE DERECHO,6,0,0,S,09990000,FUNDAMENTOS DE DERECHO,0,0,0.00
1639,TRANSPORTE DE MASA,9,0,0,S,03020100,TRANSPORTE DE MASA,0,0,67.00
0142,BIOTECNOLOGIA,4,0,0,S,03030000,BIOTECNOLOGIA,0,0,0.00
1706,BIOFARMACIA,10,L,0,S,04020100,BIOFARMACIA,0,0,30.00
1705,ANALISIS DE MEDICAMENTOS,10,L,0,S,04020100,ANALISIS DE MEDICAMENTOS,0,0,60.00
1709,TECNOLOGIA FARMACEUTICA I,10,0,0,S,04020100,TECNOLOGIA FARMACEUTICA I,0,0,60.00
1740,INGENIERIA DE REACTORES II,7,0,0,S,03010100,INGENIERIA DE REACTORES II,0,0,0.00
1742,INGENIERIA AMBIENTAL,6,0,0,S,03010100,INGENIERIA AMBIENTAL,0,0,0.00
1743,INGENIERIA ECONOMICA II,6,0,0,S,03010100,INGENIERIA ECONOMICA II,0,0,0.00
1749,LABORATORIO D INGENIERIA QUIMICA III,3,T,0,S,03010100,LABORATORIO DE INGENIERIA QUIMICA III,0,0,0.00
1750,PROCESOS DE SEPARACION,10,0,0,S,03010100,PROCESOS DE SEPARACION,0,0,0.00
0265,MATEMATICAS APLICADAS II,6,0,0,S,03010100,MATEMATICAS APLICADAS II,0,0,0.00
1728,ANALISIS NUMERICO EN FENOMENOS DE TR,3,0,0,S,03020100,ANALISIS NUMERICO EN FENOMENOS DE TRANSPORTE,0,0,0.00
1730,COMPORTAMIENTO MECANICO,8,L,0,S,03020100,COMPORTAMIENTO MECANICO,0,0,75.00
1731,CORROSION Y PROTECCION,9,0,0,S,03020100,CORROSION Y PROTECCION,0,0,67.00
1732,HIDROMETALURGIA,9,0,0,S,03020100,HIDROMETALURGIA,0,0,67.00
1739,SOLIDIFICACION,4,0,0,S,03020100,SOLIDIFICACION,0,0,50.00
0104,COMUNICACION CIENTIFICA,6,L,0,S,09990000,COMUNICACION CIENTIFICA,0,0,0.00
1700,ANALITICA EXPERIMENTAL II,6,T,0,S,02010100,ANALITICA EXPERIMENTAL II,0,0,0.00
1701,BIOQUIMICA GENERAL,8,0,0,S,04010100,BIOQUIMICA GENERAL,0,0,0.00
0141,BIOQUIMICA EXPERIMENTAL,6,T,0,S,04010100,BIOQUIMICA EXPERIMENTAL,0,0,0.00
1703,LABORATORIO UNIFICADO DE FISICOQUIMI,8,T,0,S,01010100,LABORATORIO UNIFICADO DE FISICOQUIMICA,0,0,0.00
1708,INMUNOLOGIA GENERAL,10,L,0,S,04030100,INMUNOLOGIA GENERAL,0,0,0.00
1711,CALIDAD,8,0,0,S,03030100,CALIDAD,0,0,75.00
1712,EVALUACION SENSORIAL,4,T,0,S,03030100,EVALUACION SENSORIAL,0,0,0.00
1715,LABORATORIO DE ALIMENTOS II,8,T,0,S,03030100,LABORATORIO DE ALIMENTOS II,0,0,0.00
1716,PROCESOS DE ALIMENTOS,8,0,0,S,03030100,PROCESOS DE ALIMENTOS,0,0,0.00
0303,QUIMICA DE ALIMENTOS II,6,0,0,S,03030100,QUIMICA DE ALIMENTOS II,0,0,0.00
1724,QUIMICA DE ALIMENTOS III,6,0,0,S,03030100,QUIMICA DE ALIMENTOS III,0,0,0.00
1727,TOXICOLOGIA DE ALIMENTOS,6,0,0,S,03030100,TOXICOLOGIA DE ALIMENTOS,0,0,0.00
0032,POLIMEROS,10,0,0,S,02030100,POLIMEROS,0,0,0.00
0033,QUIMICA AMBIENTAL,10,0,0,S,02030100,QUIMICA AMBIENTAL,0,0,0.00
0067,QUIMICA ORGANICA V,10,L,0,S,02030100,QUIMICA ORGANICA V,0,0,60.00
0038,QUIMICA CUANTICA II,10,0,0,S,01020100,QUIMICA CUANTICA II,0,0,0.00
0039,QUIMICA DE DISPOSITIVOS DEL EDO. SOL,10,0,0,S,01020100,QUIMICA DE DISPOSITIVOS DEL EDO. SOLIDO,0,0,0.00
0046,QUIMICA DE MATERIALES,10,L,0,S,02020100,QUIMICA DE MATERIALES,0,0,60.00
0048,QUIMICA NUCLEAR,10,L,0,S,02020100,QUIMICA NUCLEAR,0,0,60.00
0190,TECS SELECTAS P MODEL MAT EN ING D P,6,0,0,S,03020100,TECS SELECTAS P MODEL MAT EN ING D PROC MET Y MATE,0,0,0.00
0207,CATALISIS I,6,0,0,S,03010100,CATALISIS I,0,0,0.00
0213,DISEÑO DE EQUIPO,6,0,0,S,03010100,DISEÑO DE EQUIPO,0,0,0.00
0215,ECONOMIA Y ADMINISTRACION II,6,0,0,S,03010100,ECONOMIA Y ADMINISTRACION II,0,0,0.00
0219,INGENIERIA DE SISTEMAS I,6,0,20091,S,03010100,INGENIERIA DE SISTEMAS I,0,0,0.00
0256,MATEMATICAS APLICADAS I,6,0,0,S,03010100,MATEMATICAS APLICADAS I,0,APPLIED MATHEMATICS I,0.00
0276,REOLOGIA Y PROCESAMIENTO DE POLIMERO,6,0,0,S,03010100,REOLOGIA Y PROCESAMIENTO DE POLIMEROS,0,0,0.00
0182,INTERPRETACION METALOGRAFICA,8,0,0,S,03020100,INTERPRETACION METALOGRAFICA,0,0,0.00
0189,MODELADO FISICO D PROCESOS METALUGIC,8,0,0,S,03020100,MODELADO FISICO D PROCESOS METALUGICOS Y D MATER,0,0,0.00
1736,INGENIERIA ECONOMICA,6,0,0,S,03010100,INGENIERIA ECONOMICA,0,0,0.00
1722,QUIMICA DE ALIMENTOS II,6,T,2006,S,03030100,QUIMICA DE ALIMENTOS II,0,0,0.00
1307,ECUACIONES DIFERENCIALES,8,T,0,S,01030100,ECUACIONES DIFERENCIALES,0,DIFFERENTIAL EQUATIONS,100.00
1502,FISICOQUIMICA DE INTERFASES,6,T,0,S,01010100,FISICOQUIMICA DE INTERFASES,0,INTERPHASES OF PHYSICOCHEMICAL,0.00
0096,FILOSOFIA DE LA CIENCIA,6,T,0,S,09990000,FILOSOFIA DE LA CIENCIA,0,SCIENCE OF THE PHILOSOPHY,0.00
0186,METALURGIA DE HIERROS COLADOS,8,0,0,S,03020100,METALURGIA DE HIERROS COLADOS,0,0,75.00
0156,INOCUIDAD ALIMENTARIA,6,0,0,S,03030100,INOCUIDAD ALIMENTARIA,0,0,0.00
0254,MICROBIOLOGIA GENERAL,6,0,0,S,04030100,MICROBIOLOGIA GENERAL,0,0,0.00
1024,PROCESOS DE MANUFACTURA,9,T,20001,S,03020200,PROCESOS DE MANUFACTURA,0,MANUFACTURE OF PROCESSES,100.00
1806,ASEGURAMIENTO DE CALIDAD,6,0,0,S,04020100,ASEGURAMIENTO DE CALIDAD,0,0,0.00
0105,DESARROLLO ANALITICO,6,0,0,S,04020100,DESARROLLO ANALITICO,0,0,0.00
0106,DESARROLLO FARMACEUTICO,6,0,0,S,04020100,DESARROLLO FARMACEUTICO,0,0,0.00
0107,FARMACOGNOSIA,10,0,0,S,04020100,FARMACOGNOSIA,0,0,0.00
0109,INGENIERIA FARMACEUTICA,10,0,0,S,04020100,INGENIERIA FARMACEUTICA,0,0,0.00
0110,QUMICA FARMACEUTICA,10,0,0,S,04020100,QUMICA FARMACEUTICA,0,0,0.00
0111,TECNOLOGIA FARMACEUTICA II,10,0,0,S,04020100,TECNOLOGIA FARMACEUTICA II,0,0,0.00
0134,ADMINISTRACION FARMACEUTICA,6,0,0,S,04020100,ADMINISTRACION FARMACEUTICA,0,0,0.00
0135,FARMACOTERAPIA I,8,0,0,S,04020100,FARMACOTERAPIA I,0,0,0.00
0139,LEGISLACION FARMACEUTICA,6,0,0,S,04020100,LEGISLACION FARMACEUTICA,0,0,0.00
1802,ANALITICA EXPERIMENTAL III,3,0,0,S,02010100,ANALITICA EXPERIMENTAL III,0,0,0.00
1803,QUIMICA ANALITICA INSTRUMENTAL II,6,0,0,S,02010100,QUIMICA ANALITICA INSTRUMENTAL II,0,0,0.00
1804,SEMINARIO I,8,0,0,S,02030100,SEMINARIO I,0,0,0.00
1805,TRABAJO DE INVESTIGACION I,20,0,0,S,02030100,TRABAJO DE INVESTIGACION I,0,0,0.00
1807,BIOQUIMICA CLINICA,11,0,0,S,04010100,BIOQUIMICA CLINICA,0,0,70.00
1808,INTRODUCCION A LA GENOMICA,6,0,0,S,04030100,INTRODUCCION A LA GENOMICA,0,0,0.00
1809,LAB. DE TECNOLOGIA DE ALIMENTOS,20,0,0,S,03030100,LAB. DE TECNOLOGIA DE ALIMENTOS,0,0,0.00
1810,CONFORMADO MECANICO,8,0,0,S,03020100,CONFORMADO MECANICO,0,0,75.00
1811,ELECTROMETALURGIA,8,0,0,S,03020100,ELECTROMETALURGIA,0,0,75.00
1815,FUNDICION,10,0,0,S,03020100,FUNDICION,0,0,60.00
1816,ING. DE PROCESOS METALURGICOS Y DE M,6,0,0,S,03020100,ING. DE PROCESOS METALURGICOS Y DE MATERIALES,0,0,0.00
1817,DISEÑO DE PROCESOS,10,0,0,S,03010100,DISEÑO DE PROCESOS,0,0,0.00
1819,DINAMICA Y CONTROL DE PROCESOS,7,0,0,S,03010100,DINAMICA Y CONTROL DE PROCESOS,0,0,0.00
1823,LABORATORIO DE INGENIERIA QUIMICA  I,3,0,0,S,03010100,LABORATORIO DE INGENIERIA QUIMICA  IV,0,0,0.00
1824,TALLER DE PROBLEMAS,6,0,0,S,03010100,TALLER DE PROBLEMAS,0,0,0.00
1903,SEMINARIO II,6,0,0,S,02030100,SEMINARIO II,0,0,0.00
1904,TRABAJO DE INVESTIGACION II,20,0,0,S,02030100,TRABAJO DE INVESTIGACION II,0,0,0.00
1906,ESTANCIA,20,0,0,S,03030100,ESTANCIA,0,0,0.00
1907,ANALISIS DE FALLAS,7,0,0,S,03020100,ANALISIS DE FALLAS,0,0,0.00
1908,INGENIERIA DE ALEACIONES,4,0,0,S,03020100,INGENIERIA DE ALEACIONES,0,0,0.00
1909,PROYECTO,20,0,0,S,03020100,PROYECTO,0,0,0.00
1911,SIDERURGIA,4,0,0,S,03020100,SIDERURGIA,0,0,0.00
1912,INGENIERIA DE PROYECTOS,7,0,0,S,03010100,INGENIERIA DE PROYECTOS,0,0,0.00
0074,ESPECTROSCOPIA APLICADA,6,0,0,S,02010100,ESPECTROSCOPIA APLICADA,0,0,0.00
0085,OPTIMIZACION Y PROCESOS DE SINTESIS,6,0,0,S,02030100,OPTIMIZACION Y PROCESOS DE SINTESIS I,0,0,0.00
0108,FISICOQUIMICA FARMACEUTICA,10,0,0,S,01010100,FISICOQUIMICA FARMACEUTICA,0,0,0.00
0113,APLICACIONES DE BIOQUIMICA Y BILOGIA,8,0,0,S,04010100,APLICACIONES DE BIOQUIMICA Y BILOGIA MOLECULAR,0,0,0.00
0114,BIOSINTESIS Y BIOTECNOLOGIA,9,0,0,S,04030100,BIOSINTESIS Y BIOTECNOLOGIA,0,0,0.00
0117,HEMATOLOGIA,9,0,0,S,04030100,HEMATOLOGIA,0,0,0.00
0118,INMUNOLOGIA APLICADA,10,0,0,S,04030100,INMUNOLOGIA APLICADA,0,0,0.00
0119,MICOLOGIA,9,0,0,S,04030100,MICOLOGIA,0,0,0.00
0130,MICROBIOLOGIA AMBIENTAL I,6,0,0,S,04030100,MICROBIOLOGIA AMBIENTAL I,0,0,0.00
0132,PARASITOLOGIA,9,0,0,S,04030100,PARASITOLOGIA,0,0,0.00
0133,VIROLOGIA,6,0,0,S,04030100,VIROLOGIA,0,0,0.00
0140,ALIMENTOS FERMENTADOS,4,0,0,S,03030100,ALIMENTOS FERMENTADOS,0,0,0.00
0143,ENOLOGIA,6,0,0,S,03030100,ENOLOGIA,0,0,0.00
0144,GENETICA Y BIOLOGIA MOLECULAR,8,0,0,S,04010100,GENETICA Y BIOLOGIA MOLECULAR,0,0,0.00
0146,MALTA Y CERVEZA,4,0,0,S,03030100,MALTA Y CERVEZA,0,0,0.00
0151,DESARROLLO DE NUEVOS PRODUCTOS,6,0,0,S,03030100,DESARROLLO DE NUEVOS PRODUCTOS,0,0,0.00
0170,PRODUCTOS PESQUEROS Y ACUICOLAS,6,0,0,S,03030100,PRODUCTOS PESQUEROS Y ACUICOLAS,0,0,0.00
0173,TECNOLOGIA DE LACTEOS,6,0,0,S,03030100,TECNOLOGIA DE LACTEOS,0,0,0.00
0205,ADMINISTRACION DE PROYECTOS,6,0,0,S,03010100,ADMINISTRACION DE PROYECTOS,0,0,0.00
0212,CATALISIS II,6,0,0,S,03010100,CATALISIS II,0,0,0.00
0220,INGENIERIA DE SISTEMAS II,6,0,0,S,0,INGENIERIA DE SISTEMAS II,0,0,0.00
0222,LABORATORIO DE MICROBIOLOGIA,4,0,0,S,04030100,LABORATORIO DE MICROBIOLOGIA,0,0,0.00
0267,MATEMATICAS APLICADAS III,6,0,0,S,03010100,MATEMATICAS APLICADAS III,0,0,0.00
0273,PROTECCION AMBIENTAL I,6,0,0,S,03010100,PROTECCION AMBIENTAL I,0,0,0.00
0272,MODELADO Y SIMULACION DE PROCESOS PO,6,0,0,S,03010100,MODELADO Y SIMULACION DE PROCESOS POLIMERICOS,0,0,0.00
0238,LABORATORIO DE POLIMEROS I,3,0,0,S,03010100,LABORATORIO DE POLIMEROS I,0,0,0.00
0081,INTRODUCCION A LA GENOMICA,6,0,0,S,04010100,INTRODUCCION A LA GENOMICA,0,0,0.00
0030,BIOSISTESIS MICROBIANA,10,0,0,S,04030100,BIOSISTESIS MICROBIANA,0,0,0.00
