CLAVE,NOMBRE,CREDITOS,LABORATORIO,INICIO,INICIO,DEPARTAMENTO,NOMBRE_COMPLETO,EQUIVALENCIA,NOMBRE_INGLES,PORCEN_CAL
201,ECONOMIA INDUSTRIAL I,6,T,20001,20001,3040100,ECONOMIA INDUSTRIAL I,0,INDUSTRIAL ECONOMY I,0
21,ASPECTOS LEGALES INDUSTRIALES,6,T,20001,20001,3040100,ASPECTOS LEGALES INDUSTRIALES,0,-,0
49,BIOQUIMICA III,9,T,20001,20001,4010100,BIOQUIMICA III,0,BIOCHEMISTRY III,0
129,CALCULO AVANZADO,6,T,20001,20001,1030100,CALCULO AVANZADO,0,-,0
137,CORROSION Y PROT. METALICA,6,T,20001,20001,3020100,CORROSION Y PROT. METALICA,0,-,0
149,CRISTALOGRAFIA Y DIFRACCION,8,T,20001,20001,3020200,CRISTALOGRAFIA Y DIFRACCION,0,-,0
163,DIRECCION DE EMPRESAS,6,T,20001,20001,3040100,DIRECCION DE EMPRESAS,0,BUSSINES ADMINISTRATION,0
203,ESPECTROSCOPIA APLICADA,10,T,20001,20001,2010200,ESPECTROSCOPIA APLICADA,0,APPLIED SPECTROSCOPY,0
209,ENOLOGIA,7,T,20001,20001,3030200,ENOLOGIA,0,ENOLOGY,0
249,FENOMENOS DE TRANSPORTE,6,T,20001,20001,3010100,FENOMENOS DE TRANSPORTE,0,-,0
258,FISICA VI,8,T,20001,20001,1020100,FISICA VI,0,PHYSICS VI,0
259,FISICA VII,8,T,20001,20001,1020100,FISICA VII,0,-,0
270,FISICOQUIMICA VIII,9,T,20001,20001,1010200,FISICOQUIMICA VIII,0,PHYSICAL CHEMISTRY VIII,0
271,FISICOQUIMICA IX,9,T,20001,20001,1010100,FISICOQUIMICA IX,0,-,0
325,INGENIERIA METALURGICA I,9,T,20001,20001,3020300,INGENIERIA METALURGICA I,0,METALLURGICAL ENGINEERING I,0
326,INGENIERIA METALURGICA II,9,T,20001,20001,3020300,INGENIERIA METALURGICA II,0,METALLURGICAL ENGINEERING II,0
327,INGENIERIA NUCLEAR,6,T,20001,20001,2020300,INGENIERIA NUCLEAR,0,-,0
339,INSTRUMENTACION INDUSTRIAL,6,T,20001,20001,3010300,INSTRUMENTACION INDUSTRIAL,0,INDUSTRIAL INSTRUMENTATION,0
340,INVESTIGACION DE OPERACIONES I,6,T,20001,20001,3010100,INVESTIGACION DE OPERACIONES I,0,-,0
341,INVEST.DE OPER.II,6,T,20001,20001,3010100,INVEST.DE OPER.II,0,-,0
343,INGENIERIA INDUSTRIAL I,6,T,20001,20001,3040100,INGENIERIA INDUSTRIAL I,0,INDUSTRIAL ENGINEERING,0
355,INGENIERIA AMBIENTAL I,6,T,20001,20001,3010300,INGENIERIA AMBIENTAL I,0,ENVIRONMENTAL ENGINEERING I,0
356,INGENIERIA AMBIENTAL II,6,T,20001,20001,3010300,INGENIERIA AMBIENTAL II,0,ENVIRONMENTAL ENGINEERING II,0
357,INGENIERIA DE FUNDICION,6,T,20001,20001,3020300,INGENIERIA DE FUNDICION,0,FOUNDRY ENGINEERING,0
489,METALURGIA ADAPTATIVA II,6,T,20001,20001,3020300,METALURGIA ADAPTATIVA II,0,ADAPTATIVA METALLURGY II,0
491,METALURGIA EXTRACTIVA II,6,T,20001,20001,3020100,METALURGIA EXTRACTIVA II,0,EXTRACTIVA METALLURGY II,0
492,METALURGIA EXTRACTIVA III,6,T,20001,20001,3020100,METALURGIA EXTRACTIVA III,0,EXTRACTIVA METALLURGY III,0
501,MICROBIOLOGIA II,9,T,20001,20001,4030200,MICROBIOLOGIA II,0,-,0
575,OPTIMIZACION,6,T,20001,20001,3010300,OPTIMIZACION,0,-,0
601,PAPEL Y CELULOSA II,6,T,20001,20001,2030300,PAPEL Y CELULOSA II,0,CELLULOSE AND PAPE II,0
606,POLIMEROS,10,T,20001,20001,2030300,POLIMEROS,0,POLYMERS,0
609,PROCESOS PETROQUIMICOS,6,T,20001,20001,3010300,PROCESOS PETROQUIMICOS,0,PETROCHEMICAL PROCESS,0
610,PRODUCTOS NATURALES I,10,T,20001,20001,2030200,PRODUCTOS NATURALES I,0,NATURALS PRODUCTS I,0
612,PLANEACION Y DESARROLLO IND.,6,T,20001,20001,3040100,PLANEACION Y DESARROLLO IND.,0,PLANNING AND INDUSTRIAL DEVELOPMENT,0
628,PRODUCTOS NATURALES,7,T,20001,20001,4020100,PRODUCTOS NATURALES,0,-,0
629,PLAN. Y DES. DE PLAN.SID.,6,T,20001,20001,3020300,PLAN. Y DES. DE PLAN.SID.,0,-,0
640,QUIMICA CUANTICA,6,T,20001,20001,1020200,QUIMICA CUANTICA,0,-,0
641,QUIMICA EXP. APLICADA I,20,T,20001,20001,2030200,QUIMICA EXP. APLICADA I,0,APPLIED EXPER CHEMISTRY I,0
643,QUIMICA INDUSTRIAL,10,T,20001,20001,2030300,QUIMICA INDUSTRIAL,0,INDUSTRIAL CHEMISTRY,0
649,QUIMICA NUCLEAR Y RADIOQUIMICA,6,T,20001,20001,2020300,QUIMICA NUCLEAR Y RADIOQUIMICA,0,-,0
658,QUIMICA DEL PETROLEO,10,T,20001,20001,2030300,QUIMICA DEL PETROLEO,0,-,0
682,REFRACTARIOS,6,T,20001,20001,3020300,REFRACTARIOS,0,REFRACTORYS,0
691,REFINACION SECUNDARIA DE ACERO,6,T,20001,20001,3020300,REFINACION SECUNDARIA DE ACERO,0,-,0
721,SEMINARIO I,6,T,20001,20001,2030200,SEMINARIO I,0,SEMINAR I,0
723,SIMULACION DE PROCESOS I,6,T,20001,20001,3010300,SIMULACION DE PROCESOS I,0,-,0
724,SIMULACION DE PROCESOS II,6,T,20001,20001,3010300,SIMULACION DE PROCESOS II,0,-,0
725,SEMINARIO DE BIOQUIMICA,7,T,20001,20001,4010100,SEMINARIO DE BIOQUIMICA,0,-,0
726,SEMINARIO DE INMUNOLOGIA,7,T,20001,20001,4030100,SEMINARIO DE INMUNOLOGIA,0,-,0
727,SEMINARIO DE MICROB INDUSTRIAL,7,T,20001,20001,4030200,SEMINARIO DE MICROB INDUSTRIAL,0,MICROBIOLOGY INDUSTRIAL SEMINAR,0
755,SIMULACION DE PROCESOS METAL.,6,T,20001,20001,3020300,SIMULACION DE PROCESOS METAL.,0,-,0
756,SOLIDIFICACION,6,T,20001,20001,3020300,SOLIDIFICACION,0,-,0
759,TEC. DE FIBRAS QUIMICAS,6,T,20001,20001,2030300,TEC. DE FIBRAS QUIMICAS,0,-,0
762,TECNOLOGIA DE MATERIALES,6,T,20001,20001,3020200,TECNOLOGIA DE MATERIALES,0,-,0
763,TECNOLOGIA NUCLEAR,6,T,20001,20001,2020300,TECNOLOGIA NUCLEAR,0,-,0
764,TECNOLOGIA QUIMICA,6,T,20001,20001,3010300,TECNOLOGIA QUIMICA,0,-,0
770,TECNOLOGIA DE ALIMENTOS III,7,T,20001,20001,3030100,TECNOLOGIA DE ALIMENTOS III,0,FOOD TECHNOLOGY III,0
780,TRANSFORMACIONES DE FASE,6,T,20001,20001,3020200,TRANSFORMACIONES DE FASE,0,-,0
786,TOP SEL DE LA PRACTICA DEL IQ,6,T,20001,20001,3010100,TOP SEL DE LA PRACTICA DEL IQ,0,CHEMICAL ENGINEERING SELECT TOPICAL,0
790,UNION QUIMICA,10,T,20001,20001,1010100,UNION QUIMICA,0,-,0
856,QUIMICA ANALITICA V,4,T,20001,20001,2010200,QUIMICA ANALITICA V,0,ANALYTICAL CHEMISTRY V,0
1336,EQUIL.SIMUL.MEDIO HOM.Y HET.,9,L,20001,20001,2010100,EQUIL.SIMUL.MEDIO HOM.Y HET.,0,-,0
1436,EQUIL.SIMUL.EN SIST. HETEROG.,9,L,20001,20001,2010200,EQUIL.SIMUL.EN SIST. HETEROG.,0,-,0
1536,METODOS OPTICOS DE ANALISIS,9,L,20001,20001,2010200,METODOS OPTICOS DE ANALISIS,0,ANALYSIS OPTICS METHODS,0
1889,ANALISIS INSTRUMENTAL DE ALIM.,9,L,20001,20001,2010200,ANALISIS INSTRUMENTAL DE ALIM.,0,FOOD INSTRUMENTAL ANALYSIS,0
9,ANALISIS IV,8,L,20001,20001,2010300,ANALISIS IV,0,ANALYSIS IV,0
10,ANALISIS V,8,L,20001,20001,2010300,ANALISIS V,0,ANALYSIS V,0
12,ANALISIS VI,8,L,20001,20001,2010300,ANALISIS VI,0,ANALYSIS VI,0
13,ANALISIS VII,8,L,20001,20001,2010300,ANALISIS VII,0,ANALYSIS VII,0
15,ANALISIS VIII,9,L,20001,20001,2010300,ANALISIS VIII,0,ANALYSIS VIII,0
19,AZUCAR I,8,L,20001,20001,2030300,AZUCAR I,0,SUGAR I,0
20,AZUCAR II,8,L,20001,20001,2030300,AZUCAR II,0,-,0
26,ANALISIS DE ALIMENTOS,10,L,20001,20001,3030200,ANALISIS DE ALIMENTOS,0,FOOD ANALYSIS,0
45,BIOQUIMICA I,9,L,20001,20001,4010100,BIOQUIMICA I,0,BIOCHEMISTRY I,0
47,BIOQUIMICA II,9,L,20001,20001,4010100,BIOQUIMICA II,0,BIOCHEMISTRY II,0
120,GEN.FIB.NAT.SINT.Y ART.,8,L,20001,20001,2030300,GEN.FIB.NAT.SINT.Y ART.,0,-,0
121,TINTURA Y ACABADO DE FIBRAS,8,L,20001,20001,2030300,TINTURA Y ACABADO DE FIBRAS,0,-,0
127,CONTROL DE CALIDAD,9,L,20001,20001,3030200,CONTROL DE CALIDAD,0,QUALITY CONTROL,0
175,DESARROLLO DE ALIMENTOS,9,L,20001,20001,3030100,DESARROLLO DE ALIMENTOS,0,FOODS DEVELOPMENT,0
210,ENZIMOLOGIA APL. A LOS ALIM.,7,L,20001,20001,3030200,ENZIMOLOGIA APL. A LOS ALIM.,0,APPLIED TO FOODS ENZYMOLOGY,0
263,FISICOQUIMICA IV,9,L,20001,20001,1010100,FISICOQUIMICA IV,0,PHYSICAL CHEMISTRY IV,0
290,FERMENTACIONES INDUSTRIALES,10,L,20001,20001,3030200,FERMENTACIONES INDUSTRIALES,0,INDUSTRIALS FERMENTATIONS,0
301,FISICA VI,8,L,20001,20001,3020200,FISICA VI,0,PHYSICS VI,0
494,METALURGIA EXTRACTIVA V,9,L,20001,20001,3020100,METALURGIA EXTRACTIVA V,0,EXTRACTIVA METALLURGY V,0
496,METALURGIA FISICA II,9,L,20001,20001,3020200,METALURGIA FISICA II,0,PHYSICS METALLURGY II,0
497,METALURGIA FISICA III,9,L,20001,20001,3020200,METALURGIA FISICA III,0,PHYSICS METALLURGY III,0
498,MICROBIOLOGIA I,9,L,20001,20001,4030200,MICROBIOLOGIA I,0,-,0
504,MICROBIOLOGIA INDUSTRIAL,9,L,20001,20001,4030200,MICROBIOLOGIA INDUSTRIAL,0,-,0
505,MINERALOGIA I,8,L,20001,20001,3020100,MINERALOGIA I,0,MINERALOGY I,0
506,MINERALOGIA II,8,L,20001,20001,3020100,MINERALOGIA II,0,MINERALOGY II,0
507,METALURGIA FISICA IV,9,L,20001,20001,3020200,METALURGIA FISICA IV,0,PHYSICS METALLURGY IV,0
527,MICROBIOLOGIA DE ALIMENTOS,10,L,20001,20001,4030200,MICROBIOLOGIA DE ALIMENTOS,0,FOOD MICROBIOLOGY,0
561,NUTRICION,9,L,20001,20001,3030200,NUTRICION,0,NUTRITION,0
604,PLASTICOS Y SILICONES I,8,L,20001,20001,2030300,PLASTICOS Y SILICONES I,0,SILICONS AND PLASTICS I,0
605,PLASTICOS Y SILICONES II,8,L,20001,20001,2030300,PLASTICOS Y SILICONES II,0,SILICONS AND PLASTICS II,0
616,PROCESOS DE ALIMENTOS,10,L,20001,20001,3030100,PROCESOS DE ALIMENTOS,0,FOOD PROCESSES,0
645,QUIMICA INORGANICA II,8,L,20001,20001,2020200,QUIMICA INORGANICA II,0,INORGANIC CHEMISTRY II,0
690,RESISTENCIA DE MATERIALES,9,L,20001,20001,3020200,RESISTENCIA DE MATERIALES,0,STRENGTH OF MATERIALS,0
767,TRATAMIENTO DE AGUAS,8,L,20001,20001,2030300,TRATAMIENTO DE AGUAS,0,WATER OF TREATMENT,0
768,TECNOLOGIA DE ALIMENTOS I,9,L,20001,20001,3030100,TECNOLOGIA DE ALIMENTOS I,0,FOOD TECHNOLOGY I,0
769,TECNOLOGIA DE ALIMENTOS II,9,L,20001,20001,3030100,TECNOLOGIA DE ALIMENTOS II,0,FOOD TECHNOLOGY II,0
771,TECNOLOGIA DE CEREALES,9,L,20001,20001,3030100,TECNOLOGIA DE CEREALES,0,CEREALS TECHNOLOGY,0
782,TECNOLOGIA DE MALTA Y CERVEZA,7,L,20001,20001,3030200,TECNOLOGIA DE MALTA Y CERVEZA,0,-,0
801,VITAMINAS Y HORMONAS,7,L,20001,20001,4010200,VITAMINAS Y HORMONAS,0,-,0
51,MICROBIOLOGIA II,6,L,20001,20001,1030200,MICROBIOLOGIA II,0,-,0
1014,ENERGETICOS I,8,L,20001,20001,3010200,ENERGETICOS I,0,ENERGETICS I,80
1015,ENERGETICOS II,8,L,20001,20001,3010200,ENERGETICOS II,0,ENERGETICS II,80
1016,PETROQUIMICA I,8,L,20001,20001,3010200,PETROQUIMICA I,0,PETROCHEMICAL I,80
1633,UNION QUIM. Y FUND. ESPECTROS,8,T,20001,20001,1020100,UNION QUIM. Y FUND. ESPECTROS,0,CHEMICAL BONDING AND SPECTROSCOPY,100
1081,BIOLOGIA MOLECULAR,6,T,20001,20001,3030300,BIOLOGIA MOLECULAR,0,MOLECULAR BIOLOGY,100
1082,CONTROL DE CALIDAD II,6,T,20001,20001,3030300,CONTROL DE CALIDAD II,0,QUALITY CONTROL II,100
1083,ENOLOGIA,6,T,20001,20001,3030300,ENOLOGIA,0,ENOLOGY,100
1084,GRASAS Y ACEITES COMESTIBLES,6,T,20001,20001,3030300,GRASAS Y ACEITES COMESTIBLES,0,EATABLE GREASE AND OIL,0
1085,MALTA Y CERVEZA,6,T,20001,20001,3030300,MALTA Y CERVEZA,0,BEER AND MALT,100
1086,NUTRICION II,6,T,20001,20001,3030300,NUTRICION II,0,NUTRITION II,100
1087,PRODUCTOS PESQUEROS yACUICOLAS,6,T,20001,20001,3030300,PRODUCTOS PESQUEROS yACUICOLAS,0,FISHING PRODUCTS,0
1088,TRATAMIENTOS AGUAS Y DES.IND.,6,T,20001,20001,3030300,TRATAMIENTOS AGUAS Y DES.IND.,0,WATER TREATMENT AND INDUSTRIAL RESIDUES,0
1582,DISEÑO DE EXPERIMENTOS,6,T,20001,20001,1030200,DISEÑO DE EXPERIMENTOS,0,EXPERIMENTS DESIGN,100
1587,OPERACIONES UNITARIAS ALIM. I,6,T,20001,20001,3030100,OPERACIONES UNITARIAS ALIM. I,0,UNITARY OPERATIONS OF FOODS I,100
1687,OPERACIONES UNITARIAS ALIM.II,10,T,20001,20001,3030100,OPERACIONES UNITARIAS ALIM.II,0,UNITARY OPERATIONS OF FOODS II,100
1681,ECONOMIA DE LA IND.ALIMENTARIA,6,T,20001,20001,3040100,ECONOMIA DE LA IND.ALIMENTARIA,0,ECONOMY OF THE FOOD INDUSTRY,100
1785,QUIMICA DE ADITIVOS ALIM.,6,T,20001,20001,3030200,QUIMICA DE ADITIVOS ALIM.,0,CHEMISTRY OF ALIMENTARY ADDITIVES,100
1885,DESARROLLO DE ALIMENTOS,6,T,20001,20001,3030300,DESARROLLO DE ALIMENTOS,0,FOODS DEVELOPMENT,100
1983,HIGIENE Y LEGISLACION ALIM.,6,T,20001,20001,3030100,HIGIENE Y LEGISLACION ALIM.,0,SANITATION AND FOOD LEGISLATION,100
1985,DESARROLLO EXP. DE ALIMENTOS,20,T,20001,20001,3030300,DESARROLLO EXP. DE ALIMENTOS,0,EXPERIMENTAL DEVELOPMENT OF FOODS,100
1421,PRINCIPIOS DE CINETICA,9,T,20001,20001,1010200,PRINCIPIOS DE CINETICA,0,PRINCIPLES OF KINETICS,100
1021,PROCESOS EXTRACCION Y REFINAC.,9,T,20001,20001,3020100,PROCESOS EXTRACCION Y REFINAC.,0,-,100
1022,INGENIERIA METALURGICA,9,T,20001,20001,3020300,INGENIERIA METALURGICA,0,METALLURGICAL ENGINEERING,100
1822,INGENIERIA ECONOMICA,6,T,20001,20001,3040100,INGENIERIA ECONOMICA,0,ENGINEERING ECONOMICS,100
1025,PROCESOS CORROSION ELECTROMETA,9,T,20001,20001,3020100,PROCESOS CORROSION ELECTROMETA,0,ELECTROMETALLURGY PROCESSES CORROSION,100
1225,INTRODUCCION A LA METALURGIA,6,T,20001,20001,3020300,INTRODUCCION A LA METALURGIA,0,INTRODUCTION TO METALLURGY,0
1321,ECUACIONES DIFERENC. PARCIALES,8,T,20001,20001,1030100,ECUACIONES DIFERENC. PARCIALES,0,PARTIAL DIFFERENTIAL EQUATIONS,100
1523,TRANSPORTE DE ENERGIA,8,T,20001,20001,3020300,TRANSPORTE DE ENERGIA,0,ENERGY TRANSPORT,100
1529,INSTALACIONES Y EQUIPOS ELCTRI,6,T,20001,20001,3010300,INSTALACIONES Y EQUIPOS ELCTRI,0,INSTALLATION AND ELECTRICAL EQUIPMENT,100
1623,TRANSPORTE DE MASA,9,T,20001,20001,3020300,TRANSPORTE DE MASA,0,MASS TRANSPORT,100
1629,INSTRUMENTACION Y CONTROL D PROCESOS,6,T,20001,20001,3010300,INSTRUMENTACION CONTROL PROCES,0,INSTRUMENTATION AND CONTROL PROCESSES,100
1721,PROCESOS DE SOLIDIFICACION,8,T,20001,20001,3020300,PROCESOS DE SOLIDIFICACION,0,SOLIDIFICACION PROCESSES,100
1828,ACERACION,8,T,20001,20001,3020300,ACERACION,0,STEELMAKING,100
1923,ANALISIS PROCESOS METALURGICOS,6,T,20001,20001,3020300,ANALISIS PROCESOS METALURGICOS,0,ANALYSIS OF METALLURGICAL PROCESSES,100
1723,FUNDAMENTOS OPTIMIZAC. SIMULAC,8,T,20001,20001,3010300,FUNDAMENTOS OPTIMIZAC. SIMULAC,0,PRINCIPLES OF OPTIMIZATION AND SIMULATION,100
1725,PROCESOS CONFORMADO MECANICO,8,L,20001,20001,3020200,PROCESOS CONFORMADO MECANICO,0,MECHANICAL MANUFACTURING PROCESSES,80
1825,PREVENCION ANALISIS DE FALLAS,9,T,20001,20001,3020200,PREVENCION ANALISIS DE FALLAS,0,PREVENTION AND ANALYSIS OF FAILURES,67
1423,DINAMICA DE FLUIDOS,11,T,20001,20001,3020300,DINAMICA DE FLUIDOS,0,DYNAMICS OF FLUIDS,100
1101,CAL. DE FUN. DE UNA VARIABLE,8,T,20001,20001,1030100,CAL. DE FUN. DE UNA VARIABLE,0,CALCULUS OF A SINGLE VARIABLE,0
1102,ALGEBRA,8,T,20001,20001,1030100,ALGEBRA,0,ALGEBRA,0
1201,CAL. DE FUN. DE VAR. VARIABLES,8,T,20001,20001,1030100,CAL. DE FUN. DE VAR. VARIABLES,0,CALCULUS OF SEVERAL VARIABLES,100
1202,ECUACIONES DIFERENCIALES,8,T,20001,20001,1030100,ECUACIONES DIFERENCIALES,0,DIFFERENTIAL EQUATIONS,100
1204,ESTRUCTURA DE LA MATERIA,8,T,20001,20001,1020100,ESTRUCTURA DE LA MATERIA,0,ATOMIC STRUCTURE,100
1109,PROGRAMACION Y COMPUTACION,6,T,20001,20001,1030200,PROGRAMACION Y COMPUTACION,0,COMPUTER SCIENCE,100
1302,ESTADISTICA,8,T,20001,20001,1030200,ESTADISTICA,0,STATISTICS,100
1418,INGENIERIA MECANICA,6,T,20001,20001,1020100,INGENIERIA MECANICA,0,MECHANICAL ENGINEERING,100
1409,METODOS NUMERICOS,6,T,20001,20001,1030200,METODOS NUMERICOS,0,NUMERICAL METHODS,100
1518,INGENIERIA ELECTRICA,6,T,20001,20001,1020200,INGENIERIA ELECTRICA,0,ELECTRICAL ENGINEERING,100
1615,QUIM. DE LOS PROCESOS INDUST.,6,T,20001,20001,2030300,QUIM. DE LOS PROCESOS INDUST.,0,CHEMISTRY OF INDUSTRIAL PROCESSES,100
1718,SELECCION Y ESPECIF. DE EQUIPO,6,T,20001,20001,3010300,SELECCION Y ESPECIF. DE EQUIPO,0,EQUIPMENT SELECTION AND SPECIFICATION,100
1719,INGENIERIA ECONOMICA I,6,T,20001,20001,3040100,INGENIERIA ECONOMICA I,0,ECONOMIC ENGINEERING I,100
1801,INGENIERIA ECONOMICA II,6,T,20001,20001,3040100,INGENIERIA ECONOMICA II,0,ECONOMIC ENGINEERING II,100
1710,INGENIERIA AMBIENTAL,6,T,20001,20001,3010300,INGENIERIA AMBIENTAL,0,ENVIRONMENTAL ENGINEERING,100
1818,INGENIERIA DE SERVICIOS,6,T,20001,20001,3010300,INGENIERIA DE SERVICIOS,0,UTILITIES ENGINEERING,100
1901,ADMINISTRACION INDUSTRIAL,6,T,20001,20001,3040100,ADMINISTRACION INDUSTRIAL,0,INDUSTRIAL MANAGEMENT,100
1919,RELACIONES HUMANAS EN EMPRESA,5,L,20001,20001,3040100,RELACIONES HUMANAS EN EMPRESA,0,HUMAN RELATIONS WITHIN A COMPANY,0
1910,SEGURIDAD INDUSTRIAL,6,T,20001,20001,3010300,SEGURIDAD INDUSTRIAL,0,INDUSTRIAL SAFETY,100
1733,ESPECTROSCOPIA APLICADA,8,T,20001,20001,2010200,ESPECTROSCOPIA APLICADA,0,APPLIED SPECTROSCOPY,100
1835,INT. A LA OP. Y ACT. IND. QUIM,6,T,20001,20001,3010300,INT. A LA OP. Y ACT. IND. QUIM,0,INT. OP. AND ACT CHEMICAL IND,100
1930,SEMINARIO,6,T,20001,20001,2030000,SEMINARIO,0,SEMINAR,100
1030,DES. Y OPT. DE PROC. DE SINT.I,6,T,20001,20001,2030300,DES. Y OPT. DE PROC. DE SINT.I,0,"DEVELOPMENT, OPTIMIZATION OF PROCESSES OF SINT I",100
1031,DES.Y OPT DE PROC. DE SINT. II,6,T,20001,20001,2030300,DES.Y OPT DE PROC. DE SINT. II,0,"DEVELOPMENT, OPTIMIZATION OF PROCESSES OF SINT II",100
1032,DESARROLLO ANALITICO,6,T,20001,20001,2010100,DESARROLLO ANALITICO,0,ANALYTIC DEVELOPMENT,100
1034,INTROD. A LA GEST. TEC. QUIM.I,6,T,20001,20001,3040100,INTROD. A LA GEST. TEC. QUIM.I,0,INTRODUCTION TO CHEMICAL TECHNOLOGY I,100
1035,INTROD.A LA GEST.TEC. QUIM. II,6,T,20001,20001,3040100,INTROD.A LA GEST.TEC. QUIM. II,0,INTRODUCTION TO CHEMICAL TECHNOLOGY II,100
1036,RECURSOS NATURALES,6,T,20001,20001,2020200,RECURSOS NATURALES,0,NATURAL RESOURCES,100
1037,EQUILIBRIO DE ECOSISTEMAS,6,T,20001,20001,2020200,EQUILIBRIO DE ECOSISTEMAS,0,ECOSYSTEMS EQUILIBRIUM,100
1208,BIOLOGIA CELULAR,6,T,20001,20001,4030100,BIOLOGIA CELULAR,0,CELULAR BIOLOGY,100
1306,FENOMENOS DE TRANSPORTE,8,L,20001,20001,3010100,FENOMENOS DE TRANSPORTE,0,TRANSPORT PHENOMENA,80
1325,ELEMENTOS DE CIENCIA DE MATS.,8,L,20001,20001,3020200,ELEMENTOS DE CIENCIA DE MATS.,0,SCIENCE OF THE PRINCIPLES OF MATERIALS,75
1525,TRANSFORMACIONES DE FASE,8,L,20001,20001,3020200,TRANSFORMACIONES DE FASE,0,PHASE TRANSFORMATIONS,70
1621,COMPORTAMIENTO MECANICO METALE,9,L,20001,20001,3020200,COMPORTAMIENTO MECANICO METALE,0,MECHANICAL BEHAVIOR OF METALS,70
1625,TRATAMIENTOS TERMICOS,9,L,20001,20001,3020200,TRATAMIENTOS TERMICOS,0,HEAT TREATMENTS,70
1626,HIDROMETALURGIA,9,L,20001,20001,3020100,HIDROMETALURGIA,0,HIDROMETALLURGY,67
1627,ELECTROQUIMICA,8,L,20001,20001,1010200,ELECTROQUIMICA,0,ELECTROCHEMISTRY,75
1720,CORROSION Y PROTECCION,9,L,20001,20001,3020100,CORROSION Y PROTECCION,0,CORROSION AND PROTECTION,67
1726,PIROMETALURGIA,8,L,20001,20001,3020100,PIROMETALURGIA,0,PYROMETALLURGY,75
1729,PROCESADO ELECTROMETALURGICO,8,L,20001,20001,3020100,PROCESADO ELECTROMETALURGICO,0,ELECTROMETALLURGY PROCESSES,75
1820,PROCESOS ALTERNOS MANUFACTURA,8,L,20001,20001,3020200,PROCESOS ALTERNOS MANUFACTURA,0,ALTERNATIVE MANUFACTURING PROCESSES,75
1346,QUIMICA ANALITICA I,9,L,20001,20001,2010100,QUIMICA ANALITICA I,0,ANALYTICAL CHEMISTRY I,0
1446,QUIMICA ANALITICA II,9,L,20001,20001,2010100,QUIMICA ANALITICA II,0,ANALYTICAL CHEMISTRY II,0
1516,ANALITICA I,10,L,20001,20001,2010100,ANALITICA I,0,ANALYTICAL I,60
1616,ANALITICA II,10,L,20001,20001,2010200,ANALITICA II,0,ANALYTICAL II,60
1256,QUIMICA ANALITICA I,9,L,20001,20001,2010100,QUIMICA ANALITICA I,1,ANALYTICAL CHEMISTRY I,66.67
1356,QUIMICA ANALITICA II,9,L,20001,20001,2010100,QUIMICA ANALITICA II,1,ANALYTICAL CHEMISTRY II,66.67
1501,BIOQUIMICA I,10,L,20001,20001,4010100,BIOQUIMICA I,0,BIOCHEMISTRY I,60
1601,BIOQUIMICA II,10,L,20001,20001,4010100,BIOQUIMICA II,0,BIOCHEMISTRY II,60
1648,BACTERIOLOGIA,10,L,20001,20001,4030200,BACTERIOLOGIA,0,BACTERIOLOGY,57.1
1741,INMUNOLOGIA GENERAL,10,L,20001,20001,4030100,INMUNOLOGIA GENERAL,0,GENERAL INMMUNOLOGY,60
1745,GENETICA GENERAL,8,L,20001,20001,4010200,GENETICA GENERAL,0,GENERAL GENETICS,50
1846,ANALISIS DE MEDICAMENTOS,12,L,20001,20001,4020200,ANALISIS DE MEDICAMENTOS,0,PHARMACEUTICAL ANALYSIS,50
1848,TOXICOLOGIA,10,L,20001,20001,4020100,TOXICOLOGIA,0,TOXICOLOGY,60
1946,CONTROL DE CALIDAD,10,T,20001,20001,4020300,CONTROL DE CALIDAD,0,QUALITY CONTROL,60
1947,BIOFARMACIA,10,L,20001,20001,4020300,BIOFARMACIA,0,BIOPHARMACEUTICS,30
1070,TECNOLOGIA FARMACEUTICA III,10,L,20001,20001,4020300,TECNOLOGIA FARMACEUTICA III,0,PHARMACEUTICAL TECHNOLOGY III,60
1071,DESARROLLO FARMACEUTICO,10,L,20001,20001,4020300,DESARROLLO FARMACEUTICO,0,PHARMACEUTICAL DEVELOPMENT,60
1072,FARMACOGNOSIA,10,L,20001,20001,4020100,FARMACOGNOSIA,0,PHARMACOGNOSY,60
1073,DESARROLLO ANALITICO,10,L,20001,20001,4020200,DESARROLLO ANALITICO,0,ANALYTICAL DEVELOPMENT,60
1074,QUIMICA FARMACEUTICA,10,L,20001,20001,4020300,QUIMICA FARMACEUTICA,0,PHARMACEUTICAL CHEMISTRY,60
1060,PARASITOLOGIA,7,L,20001,20001,4030200,PARASITOLOGIA,0,PARASITOLOGY,57.1
1061,MICOLOGIA,7,L,20001,20001,4030200,MICOLOGIA,0,MICOLOGY,57.1
1062,VIROLOGIA,7,L,20001,20001,4030200,VIROLOGIA,0,VIROLOGY,57.1
1063,HEMATOLOGIA,9,L,20001,20001,4030100,HEMATOLOGIA,0,HEMATOLOGY,66.7
1064,ANALISIS CLINICOS II,10,L,20001,20001,4010200,ANALISIS CLINICOS II,0,CLINICAL ANALYSIS II,60
1065,INMUNOLOGIA APLICADA,10,L,20001,20001,4030100,INMUNOLOGIA APLICADA,0,APPLIED INMUNOLOGY,60
1588,MICROBIOLOGIA DE ALIMENTOS,10,L,20001,20001,4030200,MICROBIOLOGIA DE ALIMENTOS,0,FOODS MICROBIOLOGY,60
1682,ANALISIS SENSORIAL,6,L,20001,20001,3030200,ANALISIS SENSORIAL,0,SENSORY ANALYSIS,67.7
1782,CONTROL DE CALIDAD I,8,L,20001,20001,3030200,CONTROL DE CALIDAD I,0,QUALITY CONTROL I,75
1788,ANALISIS DE ALIMENTOS,10,L,20001,20001,3030200,ANALISIS DE ALIMENTOS,0,FOOD ANALYSIS,60
1787,PRODUCTOS CARNICOS,9,L,20001,20001,3030100,PRODUCTOS CARNICOS,0,MEAT PRODUCTS,67.7
1883,NUTRICION I,9,L,20001,20001,3030200,NUTRICION I,0,NUTRITION I,67.7
1884,PRODUCTOS DE CEREALES Y LEG.,9,L,20001,20001,3030100,PRODUCTOS DE CEREALES Y LEG.,0,CEREALS AND LEGUMINOUS PRODUCTS,67.7
1886,PRODUCTOS LACTEOS,9,L,20001,20001,3030100,PRODUCTOS LACTEOS,0,DAIRY PRODUCTS,67.7
1888,BIOTECNOLOGIA,10,L,20001,20001,3030200,BIOTECNOLOGIA,0,BIOTECHNOLOGY,80
1427,TERMODINAMICA METALURGICA II,12,T,20001,20001,1010100,TERMODINAMICA METALURGICA II,0,METALLURGICAL THERMODYNAMICS II,100
1327,TERMODINAMICA METALURGICA I,12,L,20001,20001,1010100,TERMODINAMICA METALURGICA I,0,METALLURGICAL THERMODYNAMICS I,50
1786,PRODUCTOS VEGETALES,9,L,20001,20001,3030100,PRODUCTOS VEGETALES,0,VEGETABLES PRODUCTS,67.7
1387,EQUILIBRIO FISICOQUIMICO,11,L,20001,20001,1010100,EQUILIBRIO FISICOQUIMICO,0,PHYSICOCHEMICAL EQUILIBRIUM,72.7
1487,FISICOQUIMICA SUP.Y CINET.QUIM,10,L,20001,20001,1010200,FISICOQUIMICA SUP.Y CINET.QUIM,0,SURFACES PHYSICOCHEMICAL AND CHEMISTRY KINETICS,80
1685,QUIMICA DE ALIMENTOS,8,T,20001,20001,3030200,QUIMICA DE ALIMENTOS,0,FOODS CHEMISTRY,100
1345,QUIMICA ORGANICA I,9,L,20001,20001,2030100,QUIMICA ORGANICA I,0,ORGANIC CHEMISTRY I,60
1347,EQUILIBRIO HETEROGENEO,9,L,20001,20001,1010100,EQUILIBRIO HETEROGENEO,0,HETEROGENEOUS EQUILIBRIUM,66.7
1748,ANALISIS CLINICOS I,10,L,20001,20001,4010200,ANALISIS CLINICOS I,0,CLINICAL ANALYSIS,60
1305,QUIMICA ORGANICA I,9,L,20001,20001,2030100,QUIMICA ORGANICA I,0,ORGANIC CHEMISTRY I,65
1435,COMPUESTOS CON C. H. Y HALOGEN,10,L,20001,20001,2030100,COMPUESTOS CON C. H. Y HALOGEN,0,"COMPOUNDS OF CARBON, HYDROGEN AND HALOGENS",60
1524,ANALISIS INSTRUMENTAL METALURG,9,L,20001,20001,2010300,ANALISIS INSTRUMENTAL METALURG,0,INSTRUMENTAL ANALYSIS IN METALLURGY,60
1526,PROCESOS SEPARACION Y CONCENT.,10,L,20001,20001,3020100,PROCESOS SEPARACION Y CONCENT.,0,SEPARATION AND CONCENTRATION PROCESSES,60
1527,QUIMICA DE SOLUCIONES IONICAS,9,L,20001,20001,1010200,QUIMICA DE SOLUCIONES IONICAS,0,CHEMISTRY OF IONIC SOLUTIONS,66.7
1535,COMPUESTOS CON C.H.O.N. Y S.,10,L,20001,20001,2030100,COMPUESTOS CON C.H.O.N. Y S.,0,COMPOUNDS OF C.H.O.N. AND S.,60
1920,PROYECTO,25,T,20001,20001,3020300,PROYECTO,0,PROJECT,100
1821,FUNDICION,10,L,20001,20001,3020200,FUNDICION,0,FOUNDRY,60
1826,PIROREFINACION,10,L,20001,20001,3020100,PIROREFINACION,0,PYROREFINATION,60
1425,FUNDAMENTOS METALURGIA FISICA,10,L,20001,20001,3020200,FUNDAMENTOS METALURGIA FISICA,0,PRINCIPLES OF PHYSICAL METALLURGY,70
1103,CINEMATICA Y DINAMICA,8,L,20001,20001,1020100,CINEMATICA Y DINAMICA,0,KINEMATICS AND DYNAMICS,0
1104,QUIMICA GENERAL,20,L,20001,20001,2020100,QUIMICA GENERAL,0,GENERAL CHEMISTRY,0
1213,ESTATICA,8,L,20001,20001,1020200,ESTATICA,0,STATICS,75
1207,TERMODINAMICA,11,L,20001,20001,1010100,TERMODINAMICA,0,THERMODYNAMICS,0
1203,ELECTROMAGNETISMO,8,L,20001,20001,1020100,ELECTROMAGNETISMO,1,ELECTROMAGNETISM,83
1232,ELECTROMAGNETISMO,10,L,20001,20001,1020100,ELECTROMAGNETISMO,1,ELECTROMAGNETISM,0
1304,QUIMICA INORGANICA,9,L,20001,20001,2020200,QUIMICA INORGANICA,0,INORGANIC CHEMISTRY,65
1317,PROPIEDADES TERMODINAMICAS,10,L,20001,20001,1010100,PROPIEDADES TERMODINAMICAS,0,THERMODYNAMIC PROPERTIES,80
1303,BALANCES DE MATERIA Y ENERGIA,12,L,20001,20001,3010100,BALANCES DE MATERIA Y ENERGIA,0,MASS AND ENERGY BALANCES,80
1405,QUIMICA ORGANICA II,9,L,20001,20001,2030100,QUIMICA ORGANICA II,0,ORGANIC CHEMISTRY II,65
1445,QUIMICA ORGANICA II,10,L,20001,20001,2030100,QUIMICA ORGANICA II,0,ORGANIC CHEMISTRY II,60
1545,QUIMICA ORGANICA III,9,L,20001,20001,2030100,QUIMICA ORGANICA III,0,ORGANIC CHEMISTRY III,65
1645,QUIMICA ORGANICA IV,10,L,20001,20001,2030100,QUIMICA ORGANICA IV,0,ORGANIC CHEMISTRY IV,60
1403,FLUJO DE FLUIDOS,10,L,20001,20001,3010100,FLUJO DE FLUIDOS,0,FLUID FLOW,80
1417,EQUILIBRIO FISICO,10,L,20001,20001,1010100,EQUILIBRIO FISICO,0,PHASE EQUILIBRIUM,80
1517,EQUILIBRIO QUIMICO,10,L,20001,20001,1010100,EQUILIBRIO QUIMICO,0,CHEMICAL EQUILIBRIUM,80
1513,TRANSFERENCIA DE CALOR,12,L,20001,20001,3010100,TRANSFERENCIA DE CALOR,0,HEAT TRANSFER,80
1611,ELECTROQUIMICA,10,L,20001,20001,1010200,ELECTROQUIMICA,0,ELECTROCHEMISTRY,80
1617,FENOMENOS DE SUPERFICIE,10,L,20001,20001,1010200,FENOMENOS DE SUPERFICIE,0,SURFACE CHEMISTRY PHENOMENA,80
1613,PROCESOS DE SEPARACION I,12,L,20001,20001,3010100,PROCESOS DE SEPARACION I,0,SEPARATION PROCESSES I,80
1714,PROCESOS DE SEPARACION II,12,L,20001,20001,3010100,PROCESOS DE SEPARACION II,0,SEPARATION PROCESSES II,80
1717,CINETICA QUIMICA Y CATALISIS,10,L,20001,20001,1010200,CINETICA QUIMICA Y CATALISIS,0,CHEMICAL KINETICS AND CATALYSIS,80
1813,INGENIERIA DE REACTORES,12,L,20001,20001,3010100,INGENIERIA DE REACTORES,0,REACTOR ENGINEERING,80
1713,SIMULAC Y OPTIMIZ DE PROCESOS,10,T,20001,20001,3010100,SIMULAC Y OPTIMIZ DE PROCESOS,0,PROCESS SIMULATION AND OPTIMIZATION,100
1913,INGENIERIA DE PROYECTOS,30,L,20001,20001,3010100,INGENIERIA DE PROYECTOS,0,PROJECT ENGINEERING,80
1013,MATERIALES II,8,L,20001,20001,3010200,MATERIALES II,0,MATERIALS II,80
1012,MATERIALES I,8,L,20001,20001,3010200,MATERIALES I,0,MATERIALS I,80
1556,Q. ANALITICA INSTRUMENTAL I,9,L,20001,20001,2010200,Q. ANALITICA INSTRUMENTAL I,0,INSTRUMENTAL ANALYTICAL CHEMISTRY I,66.67
1656,Q. ANALITICA INSTRUMENTAL II,9,L,20001,20001,2010200,Q. ANALITICA INSTRUMENTAL II,0,INSTRUMENTAL ANALYTICAL CHEMISTRY II,66.67
1335,INTRODUC. A LA QUIM. ORGANICA,10,L,20001,20001,2030100,INTRODUC. A LA QUIM. ORGANICA,0,INTRODUCTION TO ORGANIC CHEMISTRY,60
1432,ONDAS Y OPTICA,8,L,20001,20001,1020100,ONDAS Y OPTICA,0,WAVES AND OPTICS,83
1437,PROPIEDADES FISICOQUIMICAS,9,L,20001,20001,1010100,PROPIEDADES FISICOQUIMICAS,0,PHYSICAL CHEMISTRY III,66.7
1434,QUIMICA DEL ESTADO SOLIDO,9,L,20001,20001,2020200,QUIMICA DEL ESTADO SOLIDO,0,SOLID STATE CHEMISTRY,67
1537,EQUILIBRIO FISICOQUIMICO,9,L,20001,20001,1010100,EQUILIBRIO FISICOQUIMICO,0,PHYSICOCHEMICAL EQUILIBRIUM,66.7
1534,QUIMICA INORGANICA COVALENTE,9,L,20001,20001,2020200,QUIMICA INORGANICA COVALENTE,0,COVALENT INORGANIC CHEMISTRY,67
1637,EQUIL.EN INTER.Y CINETICA FISC,9,L,20001,20001,1010200,EQUIL.EN INTER.Y CINETICA FISC,0,EQUIL IN INTER AND PHYSICAL KINETICS,66.9
1634,QUIMICA DE COORDINACION,9,L,20001,20001,2020200,QUIMICA DE COORDINACION,0,COORDINATION CHEMISTRY,62
1635,COMPUESTOS CARBONILICOS,10,L,20001,20001,2030100,COMPUESTOS CARBONILICOS,0,CARBONYLIC PRODUCTS,60
1738,BIOQUIMICA CELULAR,9,L,20001,20001,4010100,BIOQUIMICA CELULAR,0,CELLULAR BIOCHEMISTRY,60
1737,CINETICA QUIMICA,9,L,20001,20001,1010200,CINETICA QUIMICA,0,CHEMICAL KINETICS,66.7
1734,QUIMICA ORGANOMETALICA,9,L,20001,20001,2020200,QUIMICA ORGANOMETALICA,0,ORGANOMETALLIC CHEMISTRY,67
1735,COMPUESTOS ORG. HETEROCICLIC.,10,L,20001,20001,2030100,COMPUESTOS ORG. HETEROCICLIC.,0,HETEROCYCLIC ORGANIC COMPOUNDS,60
1838,BIOQUIMICA METABOLICA,9,L,20001,20001,4010100,BIOQUIMICA METABOLICA,0,METABOLIC BIOCHEMISTRY,60
1830,QUIMICA EXPERIMENTAL APLIC.,22,T,20001,20001,2030200,QUIMICA EXPERIMENTAL APLIC.,0,APPLIED EXPER CHEMISTRY,100
1938,BIOSINTESIS MICROBIANA,9,L,20001,20001,4030200,BIOSINTESIS MICROBIANA,0,MICROBIAN BIOSYNTHESIS,66.7
1033,EL LAB. DE CONT. Y DES. ANALIT,6,T,20001,20001,2010100,EL LAB. DE CONT. Y DES. ANALIT,0,ANALYTIC CONTROL AND DEVELOPMENT LABORATORY,100
1348,FISIOLOGIA,11,L,20001,20001,4030100,FISIOLOGIA,0,PHYSIOLOGY,72.7
1447,FISICOQUIMICA FARMACEUTICA,9,L,20001,20001,1010200,FISICOQUIMICA FARMACEUTICA,0,PHISICAL PHARMACY,66.7
1448,MICROBIOLOGIA GENERAL,12,L,20001,20001,4030200,MICROBIOLOGIA GENERAL,0,GENERAL MICROBIOLOGY I,50
1541,FARMACOLOGIA GENERAL,9,L,20001,20001,4020100,FARMACOLOGIA GENERAL,0,GENERAL PHARMACOLOGY,70
1548,MICROBIOLOGIA GENERAL II,9,L,20001,20001,4030200,MICROBIOLOGIA GENERAL II,0,GENERAL MICROBIOLOGY II,66.7
1641,FARMACOLOGIA APLICADA,9,L,20001,20001,4020100,FARMACOLOGIA APLICADA,0,APPLIED PHARMACOLOGY,70
1647,TECNOLOGIA FARMACEUTICA I,10,L,20001,20001,4020300,TECNOLOGIA FARMACEUTICA I,0,PHARMACEUTICAL TECHNOLOGY I,60
1747,TECNOLOGIA FARMACEUTICA II,10,L,20001,20001,4020300,TECNOLOGIA FARMACEUTICA II,0,PHARMACEUTICAL TECHNOLOGY II,60
14,ANALISIS I,6,T,20001,20001,2010100,ANALISIS I,0,ANALYSIS I,0
61,BIOESTADISTICA,6,T,20001,20001,1030200,BIOESTADISTICA,0,BIOSTATISTICS,0
62,BIOFARMACIA,4,T,20001,20001,4020300,BIOFARMACIA,0,BIOPHARMACY,0
63,BIOLOGIA CELULAR,6,T,20001,20001,4030100,BIOLOGIA CELULAR,0,CELULAR BIOLOGY,0
122,COMPUTACION ELECT. Y PROG. I,6,T,20001,20001,1030200,COMPUTACION ELECT. Y PROG. I,0,COMPUTATION AND PROGRAMMING I,0
125,CALCULO DIFERENCIAL E INTEGRAL,12,T,20001,20001,1030100,CALCULO DIFERENCIAL E INTEGRAL,0,DIFFERENTIAL AND INTEGRAL CALCULUS,0
126,CONTROL DE CALIDAD,6,T,20001,20001,4020300,CONTROL DE CALIDAD,0,QUALITY CONTROL,0
160,DIBUJO,6,T,20001,20001,3010300,DIBUJO,0,DRAWING,0
161,DISEÑO DE EQUIPO,6,T,20001,20001,3010300,DISEÑO DE EQUIPO,0,EQUIPMENT DESIGN,0
211,ESTEQUIOMETRIA,8,T,20001,20001,3010100,ESTEQUIOMETRIA,0,STOICHEMISTRY,0
224,ESTADISTICA I,8,T,20001,20001,1030200,ESTADISTICA I,0,STATISTICS I,0
225,ESTADISTICA II,8,T,20001,20001,1030200,ESTADISTICA II,0,STATISTICS II,0
235,FISICA I,6,T,20001,20001,1020100,FISICA I,0,PHYSICS I,0
236,FISICA II,6,T,20001,20001,1020100,FISICA II,0,PHYSICS II,0
297,FISICOQUIMICA II,6,T,20001,20001,1010100,FISICOQUIMICA II,0,PHYSICAL CHEMISTRY II,0
298,FISICOQUIMICA III,6,T,20001,20001,1010100,FISICOQUIMICA III,0,PHYSICAL CHEMISTRY III,0
305,GENETICA GENERAL,9,T,20001,20001,4010200,GENETICA GENERAL,0,GENERAL GENETICS,0
306,GENETICA II,7,T,20001,20001,4010200,GENETICA II,0,GENETICS II,0
321,INGENIERIA ELECTRICA I,6,T,20001,20001,1020200,INGENIERIA ELECTRICA I,0,ELECTRICAL ENGINEERING I,0
322,INGENIERIA ELECTRICA II,6,T,20001,20001,1020200,INGENIERIA ELECTRICA II,0,ELECTRICAL ENGINEERING II,0
323,INGENIERIA MECANICA I,6,T,20001,20001,1020100,INGENIERIA MECANICA I,0,MECHANICAL ENGINEERING I,0
324,INGENIERIA MECANICA II,6,T,20001,20001,1020100,INGENIERIA MECANICA II,0,MECHANICAL ENGINEERING II,0
328,INGENIERIA DE PROCESOS,6,T,20001,20001,3010300,INGENIERIA DE PROCESOS,0,PROCESS ENGINEERING,0
329,INGENIERIA QUIMICA I,6,T,20001,20001,3010100,INGENIERIA QUIMICA I,0,CHEMICAL ENGINEERING I,0
330,INGENIERIA QUIMICA II,6,T,20001,20001,3010100,INGENIERIA QUIMICA II,0,CHEMICAL ENGINEERING II,0
331,INGENIERIA QUIMICA III,12,T,20001,20001,3010100,INGENIERIA QUIMICA III,0,CHEMICAL ENGINEERING III,0
332,INGENIERIA QUIMICA IV,12,T,20001,20001,3010100,INGENIERIA QUIMICA IV,0,CHEMICAL ENGINEERING IV,0
333,INGENIERIA QUIMICA V,12,T,20001,20001,3010100,INGENIERIA QUIMICA V,0,CHEMICAL ENGINEERING V,0
334,INGENIERIA QUIMICA VI,12,T,20001,20001,3010100,INGENIERIA QUIMICA VI,0,CHEMICAL ENGINEERING VI,0
335,INGENIERIA QUIMICA VII,12,T,20001,20001,3010100,INGENIERIA QUIMICA VII,0,CHEMICAL ENGINEERING VII,0
336,INGENIERIA QUIMICA VIII,12,T,20001,20001,3010100,INGENIERIA QUIMICA VIII,0,CHEMICAL ENGINEERING VIII,0
358,INGENIERIA ECONOMICA I,6,T,20001,20001,3040100,INGENIERIA ECONOMICA I,0,ENGINEERING ECONOMY I,0
359,INGENIERIA ECONOMICA II,6,T,20001,20001,3040100,INGENIERIA ECONOMICA II,0,ENGINEERING ECONOMY II,0
456,LAB. DE CIENCIA BASICA I,10,T,20001,20001,2020100,LAB. DE CIENCIA BASICA I,0,BASIC SCIENCE LABORATORY I,0
457,LAB. DE CIENCIA BASICA II,10,T,20001,20001,2020100,LAB. DE CIENCIA BASICA II,0,BASIC SCIENCE LABORATORY II,0
458,LAB. DE MOMENTUM Y CALOR,4,T,20001,20001,3010200,LAB. DE MOMENTUM Y CALOR,0,MOMENTUM AND HEAT TRANSFER LABORATORY,0
459,LAB. DE TRANSF. DE MASA,4,T,20001,20001,3010200,LAB. DE TRANSF. DE MASA,0,MASS TRANFER LABORATORY,0
480,MATEMATICAS I,10,T,20001,20001,1030100,MATEMATICAS I,0,MATHEMATICS I,0
481,MATEMATICAS II,8,T,20001,20001,1030100,MATEMATICAS II,0,MATHEMATICS II,0
639,QUIMICA INORGANICA I,10,T,20001,20001,2020200,QUIMICA INORGANICA I,0,INORGANIC CHEMISTRY I,0
655,QUIMICA ORGANICA V,10,T,20001,20001,2030300,QUIMICA ORGANICA V,0,ORGANIC CHEMISTRY V,0
680,RADIOFARMACIA,8,T,20001,20001,2020300,RADIOFARMACIA,0,RADIOPHARMACY,0
681,RELACIONES HUMANAS,7,T,20001,20001,3040100,RELACIONES HUMANAS,0,HUMAN RELATIONS,0
720,SEGURIDAD INDUSTRIAL,6,T,20001,20001,3010300,SEGURIDAD INDUSTRIAL,0,INDUSTRIAL SAFETY,0
729,SEMINARIO DE MICROB. MEDICA,7,T,20001,20001,4030200,SEMINARIO DE MICROB. MEDICA,0,MEDICAL MICROBIOLOGY SEMINAR,0
758,TECNOLOGIA DE SERVICIOS,6,T,20001,20001,3010300,TECNOLOGIA DE SERVICIOS,0,SERVICES TECHNOLOGY,0
851,QUIMICA ANALITICA I,6,T,20001,20001,2010100,QUIMICA ANALITICA I,0,ANALYTICAL CHEMISTRY I,0
5,ANALISIS II,8,L,20001,20001,2010100,ANALISIS II,0,ANALYSIS II,0
6,ANALISIS III,8,L,20001,20001,2010100,ANALISIS III,0,ANALYSIS III,0
7,ANALISIS IV,8,L,20001,20001,2010200,ANALISIS IV,0,ANALYSIS IV,0
11,ANALISIS V,8,L,20001,20001,2010200,ANALISIS V,0,ANALYSIS V,0
23,ANALISIS II,10,L,20001,20001,2010100,ANALISIS II,0,ANALYSIS II,0
24,ANALISIS III,8,L,20001,20001,2010200,ANALISIS III,0,ANALYSIS III,0
25,ANALISIS IV,10,L,20001,20001,2010200,ANALISIS IV,0,ANALYSIS IV,0
27,ANALISIS BIOQUIMICO CLINICOS,10,L,20001,20001,4010200,ANALISIS BIOQUIMICO CLINICOS,0,BIOCHEMICAL CLINICAL ANALYSIS,0
35,ANALISIS CLIN. BACTERIOLOGICOS,8,L,20001,20001,4030100,ANALISIS CLIN. BACTERIOLOGICOS,0,CLINICAL BACTERIOLOGICAL ANALYSIS,0
36,ANALISIS QUIMICO CLINICOS,10,L,20001,20001,4010200,ANALISIS QUIMICO CLINICOS,0,CHEMICAL CLINICAL ANALYSIS,0
37,ANATOMIA Y FISIOLOGIA,7,L,20001,20001,4030100,ANATOMIA Y FISIOLOGIA,0,ANATOMY AND PHISIOLOGY,0
60,BACTERIOLOGIA MEDICA,10,L,20001,20001,4030200,BACTERIOLOGIA MEDICA,0,MEDICAL BACTERIOLOGY,0
64,BIOQUIMICA I,9,L,20001,20001,4010100,BIOQUIMICA I,0,BIOCHEMISTRY I,0
82,BIOSINTESIS MICRO DE APLIC IND,8,L,20001,20001,4030200,BIOSINTESIS MICRO DE APLIC IND,0,MICROBIAL BIOSYNTHESIS OF INDUSTRIAL APPLICATION,0
128,CONTROL DE MEDICAMENTOS,10,L,20001,20001,4020200,CONTROL DE MEDICAMENTOS,0,QUALITY CONTROL OF MEDICINES,0
174,DESARROLLO ANALITICO,9,L,20001,20001,4020200,DESARROLLO ANALITICO,0,ANALYTICAL DEVELOPMENT,0
252,FISICA III,8,L,20001,20001,1020100,FISICA III,0,PHYSICS III,0
255,FISICA IV,8,L,20001,20001,1020100,FISICA IV,0,PHYSICS IV,0
257,FISICA V,8,L,20001,20001,1020100,FISICA V,0,PHYSICS V,0
266,FISICOQUIMICA V,9,L,20001,20001,1010200,FISICOQUIMICA V,0,PHYSICAL CHEMISTRY V,0
268,FISICOQUIMICA VI,9,L,20001,20001,1010200,FISICOQUIMICA VI,0,PHYSICAL CHEMISTRY VI,0
269,FISICOQUIMICA VII,9,L,20001,20001,1010200,FISICOQUIMICA VII,0,PHYSICAL CHEMISTRY VII,0
286,FARMACOGNOSIA,9,L,20001,20001,4020100,FARMACOGNOSIA,0,PHARMACOGNOSY,0
287,FARMACOLOGIA I,10,L,20001,20001,4020100,FARMACOLOGIA I,0,PHARMACOLOGY I,0
288,FARMACOLOGIA II,10,L,20001,20001,4020100,FARMACOLOGIA II,0,PHARMACOLOGY II,0
289,FARMACOLOGIA III,10,L,20001,20001,4020100,FARMACOLOGIA III,0,PHYSICAL CHEMISTRY III,0
291,FISICA III,8,L,20001,20001,1020200,FISICA III,0,PHYSICS III,0
292,FISICOQUIMICA FARMACEUTICA,11,L,20001,20001,1010200,FISICOQUIMICA FARMACEUTICA,0,PHARMACEUTICAL AND PHYSICAL CHEMISTRY,0
294,FISIOLOGIA Y BIOQ. DE MICROORG,9,L,20001,20001,4030200,FISIOLOGIA Y BIOQ. DE MICROORG,0,PHYSIOLOGY AND BIOCHEMISTRY OF MICROORGANISMS,0
295,FISICOQUIMICA IV,9,L,20001,20001,1010100,FISICOQUIMICA IV,0,PHYSICAL CHEMISTRY IV,0
312,HEMATOLOGIA,8,L,20001,20001,4030100,HEMATOLOGIA,0,HEMATOLOGY,0
314,HISTOLOGIA NORMAL Y PATOLOGICA,7,L,20001,20001,4030100,HISTOLOGIA NORMAL Y PATOLOGICA,0,NORMAL AND PATHOLOGICAL HISTOLOGY,0
345,INMUNOLOGIA,7,L,20001,20001,4030100,INMUNOLOGIA,0,IMMUNOLOGY,0
361,INMUNOLOGIA GENERAL,10,L,20001,20001,4030100,INMUNOLOGIA GENERAL,0,GENERAL IMMUNOLOGY,0
362,INMUNOLOGIA APLICADA,10,L,20001,20001,4030100,INMUNOLOGIA APLICADA,0,APPLIED IMMUNOLOGY,0
526,MICROBIOLOGIA AGRICOLA,8,L,20001,20001,4030200,MICROBIOLOGIA AGRICOLA,0,SOIL MICROBIOLOGY,0
528,MICROBIOLOGIA FARMACEUTICA,12,L,20001,20001,4030200,MICROBIOLOGIA FARMACEUTICA,0,PHARMACEUTICAL MICROBIOLOGY,0
529,MICROBIOLOGIA GENERAL,8,L,20001,20001,4030200,MICROBIOLOGIA GENERAL,0,GENERAL MICROBIOLOGY,0
530,MICROBIOLOGIA GENERAL,12,L,20001,20001,4030200,MICROBIOLOGIA GENERAL,0,GENERAL MICROBIOLOGY,0
574,OPERACIONES UNITARIAS FARMAC.,8,L,20001,20001,4020300,OPERACIONES UNITARIAS FARMAC.,0,PHARMACEUTICAL UNIT OPERATION,0
614,PARASITOLOGIA,11,L,20001,20001,4030200,PARASITOLOGIA,0,PARASITOLOGY,0
617,PROCESOS CINETICOS Y ESTAB.,7,L,20001,20001,4020300,PROCESOS CINETICOS Y ESTAB.,0,KINETICS PHENOMENA AND STABILITY OF DOSAGE FORMS,0
650,QUIMICA ORGANICA I,10,L,20001,20001,2030100,QUIMICA ORGANICA I,0,ORGANIC CHEMISTRY I,0
653,QUIMICA ORGANICA III,10,L,20001,20001,2030100,QUIMICA ORGANICA III,0,ORGANIC CHEMISTRY III,0
654,QUIMICA ORGANICA IV,10,L,20001,20001,2030100,QUIMICA ORGANICA IV,0,ORGANIC CHEMISTRY IV,0
659,QUIMICA ORGANICA I,18,L,20001,20001,2030100,QUIMICA ORGANICA I,0,ORGANIC CHEMISTRY I,0
660,QUIMICA ORGANICA II,18,L,20001,20001,2030100,QUIMICA ORGANICA II,0,ORGANIC CHEMISTRY II,0
662,QUIMICA ORGANICA III,10,L,20001,20001,2030100,QUIMICA ORGANICA III,0,ORGANIC CHEMISTRY III,0
675,QUIMICA LEGAL,8,L,20001,20001,4020100,QUIMICA LEGAL,0,LEGAL CHEMISTRY,0
760,TECNOLOGIA DE ALIMENTOS,9,L,20001,20001,3030100,TECNOLOGIA DE ALIMENTOS,0,FOOD TECHNOLOGY,0
772,TECNOLOGIA FARMACEUTICA I,8,L,20001,20001,4020300,TECNOLOGIA FARMACEUTICA I,0,PHARMACEUTICAL TECHNOLOGY I,0
773,TECNOLOGIA FARMACEUTICA II,8,L,20001,20001,4020300,TECNOLOGIA FARMACEUTICA II,0,PHARMACEUTICAL TECHNOLOGY II,0
781,TECNOLOGIA FARMACEUTICA III,8,L,20001,20001,4020300,TECNOLOGIA FARMACEUTICA III,0,PHARMACEUTICAL TECHNOLOGY III,0
783,TOXICOLOGIA,7,L,20001,20001,4020100,TOXICOLOGIA,0,TOXICOLOGY,0
784,TERMODINAMICA QUIMICA,9,L,20001,20001,1010100,TERMODINAMICA QUIMICA,0,CHEMICAL THERMODYNAMICS,0
800,VIROLOGIA,10,L,20001,20001,4030200,VIROLOGIA,0,VIROLOGY,0
852,QUIMICA ANALITICA II,8,L,20001,20001,2010100,QUIMICA ANALITICA II,0,ANALYTICAL CHEMISTRY II,0
853,QUIMICA ANALITICA III,8,L,20001,20001,2010100,QUIMICA ANALITICA III,0,ANALYTICAL CHEMISTRY III,0
854,QUIMICA ANALITICA IV,8,L,20001,20001,2010200,QUIMICA ANALITICA IV,0,ANALYTICAL CHEMISTRY IV,0
65,BIOQUIMICA II,7,L,20001,20001,4010100,BIOQUIMICA II,0,BIOCHEMISTRY II,0
1017,PETROQUIMICA II,8,L,20001,20001,3010200,PETROQUIMICA II,0,PETROCHEMICAL II,80
674,QUIMICA DE ALIMENTOS,6,T,20001,20001,3030200,QUIMICA DE ALIMENTOS,0,FOOD CHEMISTRY,0
293,FISIOLOGIA,9,L,20001,20001,4030100,FISIOLOGIA,0,PHYSIOLOGY,0
313,HIGIENE INDUSTRIAL,6,T,20001,20001,3030100,HIGIENE INDUSTRIAL,0,INDUSTRIAL SANITATION,0
344,ING. INDUSTRIAL II,7,L,20001,20001,0,ING. INDUSTRIAL II,0,INDUSTRIAL ENGINEERING II,0
1744,BIOSINTESIS INDUSTRIALES,7,L,20001,20001,4030200,BIOSINTESIS INDUSTRIALES,0,INDUSTRIAL BIOSYNTHESIS,57.1
635,QUIMICA DE LOS MAT. CERAMICOS,8,L,20001,20001,2020200,QUIMICA DE LOS MAT. CERAMICOS,0,CERAMICS MATERIALS CHEMISTRY,0
1636,METOD. ELECTROM. Y DE SEPARAC.,9,L,20001,20001,2010200,METOD. ELECTROM. Y DE SEPARAC.,0,ELECTROMETRICS OF SEPARATION METHODS,0
4,ANALISIS I,10,T,0,0,0,ANALISIS I,0,ANALYSIS I,100
9582,DISEÑO DE EXPERIMENTOS,6,T,0,0,0,DISEÑO DE EXPERIMENTOS,0,-,100
202,ECONOMIA INDUSTRIAL II,6,T,0,0,0,ECONOMIA INDUSTRIAL II,0,INDUSTRIAL ECONOMY II,100
250,FISICA I,8,T,0,0,0,FISICA I,0,PHYSICS I,100
251,FISICA II,8,T,0,0,0,FISICA II,0,PHYSICS II,100
261,FISICOQUIMICA II,10,T,0,0,0,FISICOQUIMICA II,0,PHYSICAL CHEMISTRY II,100
262,FISICOQUIMICA III,8,T,0,0,0,FISICOQUIMICA III,0,PHYSICAL CHEMISTRY III,100
455,LAB. DE CIENCIA BASICA I,10,T,0,0,0,LAB. DE CIENCIA BASICA I,0,-,100
483,MATEMATICAS IV,6,T,0,0,0,MATEMATICAS IV,0,MATEHMATICS IV,100
485,MATEMATICAS VI,6,T,0,0,0,MATEMATICAS VI,0,MATHEMATICS VI,100
486,MATEMATICAS VII,6,T,0,0,0,MATEMATICAS VII,0,MATHEMATICS VII,100
1986,QUIMICA ANALITICA INSTRUMENTAL I,9,T,0,0,0,QUIMICA ANALITICA INSTRUMENTAL I,0,-,100
644,QUIMICA INORGANICA I,12,T,0,0,0,QUIMICA INORGANICA I,0,INORGANIC CHEMISTRY I,100
600,PAPEL Y CELULOSA I,6,T,20001,20001,2030300,PAPEL Y CELULOSA I,0,CELLULOSE AND PAPER I,0
482,MATEMATICAS III,6,T,20001,20001,1030100,MATEMATICAS III,0,MATHEMATICS III,0
260,FISICOQUIMICA I,10,T,0,0,0,FISICOQUIMICA I,0,PHYSICAL CHEMISTRY I,100
484,MATEMATICAS V,6,T,0,0,0,MATEMATICAS V,0,MATHEMATICS IV,100
855,QUIMICA ANALITICA V,8,L,20001,20001,2010200,QUIMICA ANALITICA V,0,ANALYTICAL CHEMISTRY V,0
123,COMPUTACION ELECT. Y PROG. II,6,T,20001,20001,1030200,COMPUTACION ELECT. Y PROG. II,0,ELECTRONIC COMPUTER SCIENCE II,0
1783,TOXICOLOGIA DE ALIMENTOS,9,L,20001,20001,3030100,TOXICOLOGIA DE ALIMENTOS,0,FOOD TOXICOLOGY,67.7
9902,QUIMICA BASICA,0,T,20051,20051,0,QUIMICA BASICA,0,-,0
9903,LABORATORIO DE QUIMICA BASICA,0,L,20051,20051,0,LABORATORIO DE QUIMICA BASICA,0,-,0
9905,TALLER DE DESARROLLO PERSONAL,0,T,20051,20051,0,TALLER DE DESARROLLO PERSONAL,0,-,0
9906,CONFERENCIAS,0,T,20051,20051,0,CONFERENCIAS,0,-,0
1746,QUIMICA ANALITICA IV,9,L,20001,20001,2010200,QUIMICA ANALITICA IV,0,ANALYTICAL CHEMISTRY IV,0
1113,FISICA I,8,T,20061,20061,1020100,FISICA I,0,PHYSICS I,100
1110,ALGEBRA SUPERIOR,8,T,20061,20061,1030100,ALGEBRA SUPERIOR,0,SUPERIOR ALGEBRA,100
1114,QUIMICA GENERAL I,9,L,20061,20061,2020100,QUIMICA GENERAL I,0,GENERAL CHEMISTRY I,56
1111,CALCULO I,8,T,20061,20061,1030100,CALCULO I,0,CALCULUS I,100
1010,SINTESIS DE POLIMEROS,8,L,20001,20001,3010200,SINTESIS DE POLIMEROS,0,POLYMERS I,80
9999,TALLER DE MATEMATICAS,0,T,20051,20051,1030100,TALLER DE CALCULO I,0,-,100
1707,BIOQUIMICA EXPERIMENTAL,6,0,0,0,0,BIOQUIMICA EXPERIMENTAL,0,-,0
1704,QUIMICA ANALITICA INSTRUMENTAL I,6,0,0,0,0,QUIMICA ANALITICA INSTRUMENTAL I,0,-,0
1205,CALCULO II,8,T,0,0,1030100,CALCULO II,1,CALCULUS II,100
1209,FISICA II,8,T,0,0,1020000,FISICA II,0,PHYSICS II,100
1210,LABORATORIO DE FISICA,4,E,0,0,1020000,LABORATORIO DE FISICA,0,PHYSICAL LABORATORY,100
1214,BIOLOGIA CELULAR,6,T,0,0,4030000,BIOLOGIA CELULAR,0,CELULAR BIOLOGY,100
9997,TALLER DE CALCULO II,0,T,20051,20051,1030100,TALLER DE CALCULO II,0,-,100
495,METALURGIA FISICA I,9,L,20001,20001,3020200,METALURGIA FISICA I,0,PHYSICS METALLURGY I,0
608,PREPARACION DE MINERALES II,7,L,20001,20001,3020100,PREPARACION DE MINERALES II,0,MINERALS PREPARATION II,0
490,METALURGIA EXTRACTIVA I,6,T,20001,20001,3020100,METALURGIA EXTRACTIVA I,0,EXTRACTIVA METALLURGY I,0
488,METALURGIA ADAPTATIVA I,6,T,20001,20001,3020300,METALURGIA ADAPTATIVA I,0,ADAPTATIVA METALLURGY I,0
1311,QUIMICA ORGANICA I,10,L,0,0,2030100,QUIMICA ORGANICA I,0,ORGANIC CHEMISTRY I,60
1309,FUNDAMENTOS DE ESPECTROSCOPIA,8,L,0,0,1020100,FUNDAMENTOS DE ESPECTROSCOPIA,0,SPECTROSCOPY OF FUNDAMENTAL,75
1308,EQUILIBRIO Y CINETICA,9,L,0,0,1010100,EQUILIBRIO Y CINETICA,0,KINETICS AND EQUILIBRIUM,67
320,INFORMACION BIBLIOGRAFICA,6,T,20001,20001,2020100,INFORMACION BIBLIOGRAFICA,0,BIBLIOGRAPHIC INFORMATION,0
642,QUIMICA EXP. APLICADA II,20,T,20001,20001,2030200,QUIMICA EXP. APLICADA II,0,APPLIED EXPER CHEMISTRY II,0
656,QUIMICA ORGANICA V,10,T,20001,20001,2030100,QUIMICA ORGANICA V,0,ORGANIC CHEMISTRY V,0
1310,QUIMICA INORGANICA I,9,L,0,0,2020200,QUIMICA INORGANICA I,0,INORGANIC CHEMISTRY I,67
1456,QUIMICA ANALITICA III,9,L,20001,20001,2010100,QUIMICA ANALITICA III,1,ANALYTICAL CHEMISTRY III,66.67
164,FISIOLOGIA,9,L,0,0,4030100,FISIOLOGIA,0,PHYSIOLOGY,66.7
1315,METALURGIA Y SOCIEDAD,6,T,0,0,3020300,METALURGIA Y SOCIEDAD,0,SOCIETY AND METALLURGY,100
1314,FUNDAMENTOS DE METALURGIA Y MATERIAL,8,L,0,0,3020300,FUNDAMENTOS DE METALURGIA Y MATERIALES,0,MATERIALS AND METALLURGY FUNDAMENTALS,75
437,MAQUINAS TERMICAS,6,T,0,0,0,MAQUINAS TERMICAS,0,-,0
1413,QUIMICA ORGANICA II,10,L,0,0,2030100,QUIMICA ORGANICA II,0,ORGANIC CHEMISTRY II,60
1407,QUIMICA ORGANICA II,10,L,0,0,2030100,QUIMICA ORGANICA II,0,ORGANIC CHEMISTRY II,60
1411,QUIMICA ORGANICA II,9,L,0,0,2030100,QUIMICA ORGANICA II,0,ORGANIC CHEMISTRY II,65
1404,QUIMICA CUANTICA I,8,T,0,0,1020000,QUIMICA CUANTICA I,0,QUANTUM CHEMISTRY I,100
1212,TERMODINAMICA,11,L,0,0,1010100,TERMODINAMICA,0,THERMODYNAMICS,73
1211,QUIMICA GENERAL II,8,L,20001,20001,2020100,QUIMICA GENERAL II,0,GENERAL CHEMISTRY II,50
1424,METODOS NUMERICOS,6,T,0,0,1030200,METODOS NUMERICOS,0,NUMERICAL METHODS,100
1410,MICROBIOLOGIA GENERAL,6,T,0,0,4030200,MICROBIOLOGIA GENERAL,0,GENERAL MICROBIOLOGY,100
1428,TRANSFERENCIA DE MOMENTUM,6,T,0,0,3010100,TRANSFERENCIA DE MOMENTUM,0,TRANSFER OF MOMENTUM,100
1400,ESTADISTICA,8,T,0,0,1030200,ESTADISTICA,0,STATISTICS,100
1408,FARMACOLOGIA I,9,L,0,0,4020100,FARMACOLOGIA I,0,PHARMACOLOGY I,70
1402,QUIMICA ANALITICA I,9,L,0,0,2010100,QUIMICA ANALITICA I,0,ANALYTICAL CHEMISTRY I,67
1406,QUIMICA INORGANICA II,9,L,0,0,2020200,QUIMICA INORGANICA II,0,INORGANIC CHEMISTRY II,67
1422,INTRODUC. A LA ING. DE PROCESOS META,9,T,0,0,3020100,INTRODUC. A LA ING. DE PROCESOS METAL. Y DE MAT.,0,ENGINEERING INTRO. METALLURGICAL PROC. AND MATERIALS,67
1426,TERMODINAMICA QUIMICA,10,T,0,0,1010100,TERMODINAMICA QUIMICA,0,CHEMICAL THERMODYNAMICS,100
1401,FISICOQUIMICA DE IONICA Y ELECTRODIC,6,T,0,0,1010100,FISICOQUIMICA DE IONICA Y ELECTRODICA,0,ELECTRODE AND IONIC PHYSICOCHEMICAL,100
1011,CARACTERIZACION Y PROCES D POLIMEROS,8,L,20001,20001,3010200,CARACTERIZACION Y PROCES D POLIMEROS,0,POLYMERS II,80
1814,DINAMICA Y CONTROL DE PROCESOS,10,T,20001,20001,3010100,DINAMICA Y CONTROL DE PROCESOS,0,PROCESS DYNAMICS AND CONTROL,100
1935,TRABAJO DE INVESTIGACION,20,T,20001,20001,2030000,TRABAJO DE INVESTIGACION,0,RESEARCH,100
167,CONFITERIA,6,L,0,0,3030100,CONFITERIA,0,-,60
152,ENVASES PARA ALIMENTOS,6,T,0,0,3030100,ENVASES PARA ALIMENTOS,0,-,100
487,MATEMATICAS SUP. EN ING. QUIM.,6,T,20001,20001,1030200,MATEMATICAS SUP. EN ING. QUIM.,0,SUPERIOR MATHEMATICS IN CHEMICAL ENGINEERING,0
1538,CINETICA QUIMICA Y CATALISIS,6,T,0,0,1010200,CINETICA QUIMICA Y CATALISIS,0,CHEMICAL KINETICS AND CATALYSIS,100
1540,ELECTROQUIMICA,6,T,0,0,1010200,ELECTROQUIMICA,0,ELECTROCHEMISTRY,100
1543,INGENIERIA DE FLUIDOS,7,T,0,0,3010100,INGENIERIA DE FLUIDOS,0,FLUID ENGINEERING,100
1544,LABORATORIO DE INGENIERIA QUIMICA I,3,E,0,0,3010100,LABORATORIO DE INGENIERIA QUIMICA I,0,CHEMISTRY ENGINEERING LABORATORY I,100
1547,TRANSFERENCIA DE ENERGIA,6,T,0,0,3010100,TRANSFERENCIA DE ENERGIA,0,TRANSFER OF ENERGY,100
1500,FISIOLOGIA MICROBIANA,4,T,0,0,4030200,FISIOLOGIA MICROBIANA,0,MICROBIAL PHYSIOLOGY,100
1528,ANALISIS DE SISTEMAS REACCIONANTES E,9,T,0,0,3020300,ANALISIS DE SISTEMAS REACCIONANTES EN METALURGIA,0,SYSTEMS REACTIONS ANALYSIS IN METALLURGY,67
1530,BENEFICIO DE MINERALES,9,L,0,0,3020300,BENEFICIO DE MINERALES,0,MINERALS PROCESSING,70
1531,METALURGIA QUIMICA EXPERIMENTAL,4,E,0,0,3020300,METALURGIA QUIMICA EXPERIMENTAL,0,EXPERIMENTAL CHEMISTRY METALLURGY,100
1532,TRANSFORMACIONES DE FASE,9,L,0,0,3020300,TRANSFORMACIONES DE FASE,0,PHASE TRANSFORMATIONS,67
1504,QUIMICA ANALITICA II,6,T,0,0,2010100,QUIMICA ANALITICA II,0,ANALYTICAL CHEMISTRY II,100
1507,ANALITICA EXPERIMENTAL I,3,E,0,0,2010100,ANALITICA EXPERIMENTAL I,0,EXPERIMENTAL ANALYTICAL CHEMISTRY I,100
1508,BIOQUIMICA,8,T,0,0,4010100,BIOQUIMICA,0,BIOCHEMISTRY,100
1509,FARMACOLOGIA II,9,L,0,0,4020100,FARMACOLOGIA II,0,PHARMACOLOGY II,70
1521,QUIMICA ORGANICA III,9,L,0,0,2030100,QUIMICA ORGANICA III,0,ORGANIC CHEMISTRY III,65
1503,METROLOGIA,4,E,0,0,1020100,METROLOGIA,0,METROLOGY,100
1505,QUIMICA INORGANICA III,9,L,0,0,2020200,QUIMICA INORGANICA III,0,INORGANIC CHEMISTRY III,67
1514,FISICOQUIMICA DE ALIMENTOS,6,T,0,0,1010100,FISICOQUIMICA DE ALIMENTOS,0,FOOD PHYSICOCHEMICAL,100
1519,QUIMICA DE ALIMENTOS I,8,T,0,0,3030200,QUIMICA DE ALIMENTOS I,0,FOODS CHEMISTRY I,100
1506,QUIMICA ORGANICA III,10,L,0,0,2030100,QUIMICA ORGANICA III,0,ORGANIC CHEMISTRY III,60
1206,ESTRUCTURA DE LA MATERIA,6,T,0,0,1020100,ESTRUCTURA DE LA MATERIA,0,ATOMIC STRUCTURE,100
1605,QUIMICA INORGANICA IV,9,L,0,0,2020100,QUIMICA INORGANICA IV,0,INORGANIC CHEMISTRY IV,67
1606,QUIMICA ORGANICA IV,10,L,0,0,2030100,QUIMICA ORGANICA IV,0,ORGANIC CHEMISTRY IV,60
1628,QUIMICA ORGANICA III,10,L,0,0,2030100,QUIMICA ORGANICA III,0,-,60
1602,ANALITICA EXPERIMENTAL I,4,E,0,0,2010100,ANALITICA EXPERIMENTAL I,0,EXPEREMENTAL ANALYTICAL I,100
1603,CINETICA QUIMICA,6,T,0,0,1010100,CINETICA QUIMICA,0,KINETICS CHEMISTRY,100
1604,QUIMICA ANALITICA III,6,T,0,0,2010100,QUIMICA ANALITICA III,0,ANALYTICAL CHEMISTRY III,100
1607,ANALITICA EXPERIMENTAL II,3,E,0,0,2010100,ANALITICA EXPERIMENTAL II,0,EXPERIMENTAL ANALYTICAL CHEMISTRY II,100
1608,ATENCION FARMACEUTICA,6,T,0,0,4020100,ATENCION FARMACEUTICA,0,PHARMACEUTICAL CARE,100
1609,BACTERIOLOGIA,6,T,0,0,4030100,BACTERIOLOGIA,0,BACTERIOLOGY,100
1610,BACTERIOLOGIA EXPERIMENTAL,5,E,0,0,4030100,BACTERIOLOGIA EXPERIMENTAL,0,EXPERIMENTAL BACTERIOLOGY,100
1614,TOXICOLOGIA,10,L,0,0,4020100,TOXICOLOGIA,0,TOXICOLOGY,60
1618,LABORATORIO DE ALIMENTOS I,8,E,0,0,3030100,LABORATORIO DE ALIMENTOS I,0,-,100
1620,NUTRICION,6,T,0,0,3030100,NUTRICION,0,-,100
1631,FUNDAMENTOS DE PROCESADO ELECTROMETA,11,L,0,0,3020100,FUNDAMENTOS DE PROCESADO ELECTROMETALURGICO,0,ELECTROMETALLURGY PROCESSES FUNDAMENTALS,73
1638,TRATAMIENTOS TERMICOS,9,L,0,0,3020100,TRATAMIENTOS TERMICOS,0,HEAT TREATMENTS,70
1640,INGENIERIA DE CALOR,7,T,0,0,3010100,INGENIERIA DE CALOR,0,HEAT ENGINEERING,100
1642,INGENIERIA DE REACTORES I,6,T,0,0,3010100,INGENIERIA DE REACTORES I,0,REACTOR ENGINEERING I,100
1644,LABORATORIO UNIFICADO DE FISICOQUIMI,4,E,0,0,1010100,LABORATORIO UNIFICADO DE FISICOQUIMICA,0,PHYSICAL CHEMISTRY LABORATORY,100
1649,TRANSFERENCIA DE MASA,6,T,0,0,3010100,TRANSFERENCIA DE MASA,0,MASS TRANSFER,100
1619,MICROBIOLOGIA DE ALIMENTOS,10,L,0,0,4030100,MICROBIOLOGIA DE ALIMENTOS,0,-,60
1643,INGENIERIA ECONOMICA I,6,T,0,0,3010100,INGENIERIA ECONOMICA I,0,ECONOMIC ENGINEERING I,100
221,INTRODUCCION A LA CIENCIA DE POLIMER,6,T,0,0,3010100,INTRODUCCION A LA CIENCIA DE POLIMEROS,0,POLYMERS INTRODUCTION TO SCIENCE,100
214,ECONOMIA Y ADMINISTRACION I,6,T,0,0,3010100,ECONOMIA Y ADMINISTRACION I,0,MANAGEMENT AND ECONOMY I,100
142,BIOTECNOLOGIA,4,T,0,0,3030000,BIOTECNOLOGIA,0,BIOTECHNOLOGY,100
1706,BIOFARMACIA,10,L,0,0,4020100,BIOFARMACIA,0,BIOPHARMACY,30
1705,ANALISIS DE MEDICAMENTOS,10,L,0,0,4020100,ANALISIS DE MEDICAMENTOS,0,PHARMACEUTICAL ANALYSIS,60
1709,TECNOLOGIA FARMACEUTICA I,10,L,0,0,4020100,TECNOLOGIA FARMACEUTICA I,0,PHARMACEUTICAL TECHNOLOGY I,60
1742,INGENIERIA AMBIENTAL,6,T,0,0,3010100,INGENIERIA AMBIENTAL,0,ENVIRONMENTAL ENGINEERING,100
1743,INGENIERIA ECONOMICA II,6,T,0,0,3010100,INGENIERIA ECONOMICA II,0,ECONOMIC ENGINEERING II,100
1749,LABORATORIO D INGENIERIA QUIMICA III,3,E,0,0,3010100,LABORATORIO DE INGENIERIA QUIMICA III,0,CHEMICAL ENGINEERING LABORATORY III,100
1750,PROCESOS DE SEPARACION,10,T,0,0,3010100,PROCESOS DE SEPARACION,0,SEPARATION PROCESSES,100
265,MATEMATICAS APLICADAS II,6,T,0,0,3010100,MATEMATICAS APLICADAS II,0,APPLIED MATHEMATICS II,100
1728,ANALISIS NUMERICO EN FENOMENOS DE TR,3,T,0,0,3020100,ANALISIS NUMERICO EN FENOMENOS DE TRANSPORTE,0,TRANSPORT PHENOMENA IN NUMERICAL ANALYSIS,100
1730,COMPORTAMIENTO MECANICO,8,L,0,0,3020100,COMPORTAMIENTO MECANICO,0,MECHANICAL BEHAVIOR,75
1731,CORROSION Y PROTECCION,9,L,0,0,3020100,CORROSION Y PROTECCION,0,CORROTION AND PROTECTION,67
1739,SOLIDIFICACION,4,T,0,0,3020100,SOLIDIFICACION,0,SOLIDIFICATION,50
1700,ANALITICA EXPERIMENTAL II,6,E,0,0,2010100,ANALITICA EXPERIMENTAL II,0,EXPERIMENTAL ANALYTICAL II,100
1701,BIOQUIMICA GENERAL,8,T,0,0,4010100,BIOQUIMICA GENERAL,0,GENERAL BIOCHEMISTRY,100
141,BIOQUIMICA EXPERIMENTAL,6,E,0,0,4010100,BIOQUIMICA EXPERIMENTAL,0,EXPERIMENTAL BIOCHEMISTRY,100
1703,LABORATORIO UNIFICADO DE FISICOQUIMI,8,E,0,0,1010100,LABORATORIO UNIFICADO DE FISICOQUIMICA,0,LABORATORY PHYSICOCHEMICAL UNIFIED,100
1708,INMUNOLOGIA GENERAL,10,L,0,0,4030100,INMUNOLOGIA GENERAL,0,GENERAL IMMUNOLOGY,60
1711,CALIDAD,8,L,0,0,3030100,CALIDAD,0,-,75
1712,EVALUACION SENSORIAL,4,E,0,0,3030100,EVALUACION SENSORIAL,0,-,100
1715,LABORATORIO DE ALIMENTOS II,8,E,0,0,3030100,LABORATORIO DE ALIMENTOS II,0,-,100
1716,PROCESOS DE ALIMENTOS,8,T,0,0,3030100,PROCESOS DE ALIMENTOS,0,-,100
1724,QUIMICA DE ALIMENTOS III,6,T,0,0,3030100,QUIMICA DE ALIMENTOS III,0,-,100
1727,TOXICOLOGIA DE ALIMENTOS,6,T,0,0,3030100,TOXICOLOGIA DE ALIMENTOS,0,-,100
32,POLIMEROS,10,T,0,0,2030100,POLIMEROS,0,-,0
33,QUIMICA AMBIENTAL,10,L,0,0,2030100,QUIMICA AMBIENTAL,0,ENVIRONMENTAL CHEMISTRY,100
67,QUIMICA ORGANICA V,10,L,0,0,2030100,QUIMICA ORGANICA V,0,ORGANIC CHEMISTRY V,60
38,QUIMICA CUANTICA II,10,T,0,0,1020100,QUIMICA CUANTICA II,0,QUANTUM CHEMISTY II,100
39,QUIMICA DE DISPOSITIVOS DEL EDO. SOL,10,T,0,0,1020100,QUIMICA DE DISPOSITIVOS DEL EDO. SOLIDO,0,-,0
46,QUIMICA DE MATERIALES,10,L,0,0,2020100,QUIMICA DE MATERIALES,0,MATERIALS OF CHEMISTRY,60
48,QUIMICA NUCLEAR,10,L,0,0,2020100,QUIMICA NUCLEAR,0,-,60
213,DISEÑO DE EQUIPO,6,T,0,0,3010100,DISEÑO DE EQUIPO,0,EQUIPMENT DESIGN,100
215,ECONOMIA Y ADMINISTRACION II,6,T,0,0,3010100,ECONOMIA Y ADMINISTRACION II,0,MANAGEMENT AND ECONOMY II,100
219,INGENIERIA DE SISTEMAS I,6,T,20091,20091,3010100,INGENIERIA DE SISTEMAS I,0,SYSTEMS ENGINEERING I,100
256,MATEMATICAS APLICADAS I,6,T,0,0,3010100,MATEMATICAS APLICADAS I,0,APPLIED MATHEMATICS I,100
276,REOLOGIA Y PROCESAMIENTO DE POLIMERO,6,T,0,0,3010100,REOLOGIA Y PROCESAMIENTO DE POLIMEROS,0,PROCESS OF POLYMERS AND REOLOGY,100
182,INTERPRETACION METALOGRAFICA,8,L,0,0,3020100,INTERPRETACION METALOGRAFICA,0,-,75
189,MODELADO FISICO D PROCESOS METALUGIC,8,L,0,0,3020100,MODELADO FISICO D PROCESOS METALUGICOS Y D MATER,0,METALLURGICAL PROCESSES OF PHYSICS MODELING,60
1736,INGENIERIA ECONOMICA,6,T,0,0,3010100,INGENIERIA ECONOMICA,0,ENGINEERING ECONOMICS,100
1722,QUIMICA DE ALIMENTOS II,6,T,2006,2006,3030100,QUIMICA DE ALIMENTOS II,0,-,100
1307,ECUACIONES DIFERENCIALES,8,T,0,0,1030100,ECUACIONES DIFERENCIALES,0,DIFFERENTIAL EQUATIONS,100
1502,FISICOQUIMICA DE INTERFASES,6,T,0,0,1010100,FISICOQUIMICA DE INTERFASES,0,INTERPHASES OF PHYSICOCHEMICAL,100
186,METALURGIA DE HIERROS COLADOS,8,L,0,0,3020100,METALURGIA DE HIERROS COLADOS,0,-,75
156,INOCUIDAD ALIMENTARIA,6,T,0,0,3030100,INOCUIDAD ALIMENTARIA,0,-,100
254,MICROBIOLOGIA GENERAL,6,T,0,0,4030100,MICROBIOLOGIA GENERAL,0,-,100
1024,PROCESOS DE MANUFACTURA,9,T,20001,20001,3020200,PROCESOS DE MANUFACTURA,0,MANUFACTURE OF PROCESSES,100
1806,ASEGURAMIENTO DE CALIDAD,6,T,0,0,4020100,ASEGURAMIENTO DE CALIDAD,0,QUALITY INSURANCE,100
105,DESARROLLO ANALITICO,6,T,0,0,4020100,DESARROLLO ANALITICO,0,-,0
106,DESARROLLO FARMACEUTICO,6,T,0,0,4020100,DESARROLLO FARMACEUTICO,0,PHARMACEUTICAL DEVELOPMENT,0
107,FARMACOGNOSIA,10,L,0,0,4020100,FARMACOGNOSIA,0,PHARMACOGNOSY,60
109,INGENIERIA FARMACEUTICA,10,L,0,0,4020100,INGENIERIA FARMACEUTICA,0,-,60
111,TECNOLOGIA FARMACEUTICA II,10,L,0,0,4020100,TECNOLOGIA FARMACEUTICA II,0,-,60
134,ADMINISTRACION FARMACEUTICA,6,T,0,0,4020100,ADMINISTRACION FARMACEUTICA,0,-,0
135,FARMACOTERAPIA I,8,L,0,0,4020100,FARMACOTERAPIA I,0,PHARMACOTHERAPY,100
139,LEGISLACION FARMACEUTICA,6,T,0,0,4020100,LEGISLACION FARMACEUTICA,0,-,0
1802,ANALITICA EXPERIMENTAL III,3,E,0,0,2010100,ANALITICA EXPERIMENTAL III,0,EXPERIMENTAL ANALYTICAL III,100
1803,QUIMICA ANALITICA INSTRUMENTAL II,6,T,0,0,2010100,QUIMICA ANALITICA INSTRUMENTAL II,0,INSTRUMENTAL ANALYTICAL CHEMISTRY II,100
1804,SEMINARIO I,8,T,0,0,2030100,SEMINARIO I,0,SEMINAR I,100
1805,TRABAJO DE INVESTIGACION I,20,E,0,0,2030100,TRABAJO DE INVESTIGACION I,0,RESEARCH I,0
1807,BIOQUIMICA CLINICA,11,L,0,0,4010100,BIOQUIMICA CLINICA,0,CLINICAL BIOCHEMISTRY,70
1808,INTRODUCCION A LA GENOMICA,6,T,0,0,4030100,INTRODUCCION A LA GENOMICA,0,-,0
1809,LAB. DE TECNOLOGIA DE ALIMENTOS,20,E,0,0,3030100,LAB. DE TECNOLOGIA DE ALIMENTOS,0,-,100
1810,CONFORMADO MECANICO,8,L,0,0,3020100,CONFORMADO MECANICO,0,MECHANICAL FORMING,75
1811,ELECTROMETALURGIA,8,L,0,0,3020100,ELECTROMETALURGIA,0,ELECTROMETALLURGY,75
1815,FUNDICION,10,L,0,0,3020100,FUNDICION,0,FOUNDRY FUNDAMENTALS,60
1817,DISEÑO DE PROCESOS,10,T,0,0,3010100,DISEÑO DE PROCESOS,0,PROCESSES DESIGN,100
1819,DINAMICA Y CONTROL DE PROCESOS,7,T,0,0,3010100,DINAMICA Y CONTROL DE PROCESOS,0,PROCESS DYNAMICS AND CONTROL,100
1823,LABORATORIO D INGENIERIA QUIMICA IV,3,E,0,0,3010100,LABORATORIO DE INGENIERIA QUIMICA IV,0,CHEMICAL ENGINEERING LABORATORY IV,100
1903,SEMINARIO II,6,T,0,0,2030100,SEMINARIO II,0,SEMINAR II,0
1904,TRABAJO DE INVESTIGACION II,20,E,0,0,2030100,TRABAJO DE INVESTIGACION II,0,RESEARCH II,0
1906,ESTANCIA,20,T,0,0,3030100,ESTANCIA,0,-,0
1907,ANALISIS DE FALLAS,7,L,0,0,3020100,ANALISIS DE FALLAS,0,-,60
1908,INGENIERIA DE ALEACIONES,4,T,0,0,3020100,INGENIERIA DE ALEACIONES,0,-,0
1909,PROYECTO,20,T,0,0,3020100,PROYECTO,0,-,0
1911,SIDERURGIA,4,T,0,0,3020100,SIDERURGIA,0,-,0
1912,INGENIERIA DE PROYECTOS,7,T,0,0,3010100,INGENIERIA DE PROYECTOS,0,PROJECT ENGINEERING,0
74,ESPECTROSCOPIA APLICADA,6,T,0,0,2010100,ESPECTROSCOPIA APLICADA,0,APPLIED SPECTROSCOPY,100
85,OPTIMIZACION Y PROCESOS DE SINTESIS,6,T,0,0,2030100,OPTIMIZACION Y PROCESOS DE SINTESIS I,0,PROCESS OF SYNTHESIS OPTIMIZATION I,100
108,FISICOQUIMICA FARMACEUTICA,10,L,0,0,1010100,FISICOQUIMICA FARMACEUTICA,0,-,0
113,APLICACIONES D BIOQUIMICA Y BIOLOGIA,8,T,0,0,4010100,APLICACIONES DE BIOQUIMICA Y BIOLOGIA MOLECULAR,0,APPLICATIONS OF BIOCHEMISTRY AND MOLECULAR BIOLOGY,100
114,BIOSINTESIS Y BIOTECNOLOGIA,9,L,0,0,4030100,BIOSINTESIS Y BIOTECNOLOGIA,0,-,66.7
117,HEMATOLOGIA,9,L,0,0,4030100,HEMATOLOGIA,0,-,66.7
118,INMUNOLOGIA APLICADA,10,L,0,0,4030100,INMUNOLOGIA APLICADA,0,-,60
119,MICOLOGIA,9,L,0,0,4030100,MICOLOGIA,0,-,66.7
130,MICROBIOLOGIA AMBIENTAL I,6,T,0,0,4030100,MICROBIOLOGIA AMBIENTAL I,0,-,0
132,PARASITOLOGIA,9,L,0,0,4030100,PARASITOLOGIA,0,-,66.7
133,VIROLOGIA,6,T,0,0,4030100,VIROLOGIA,0,VIROLOGY,100
140,ALIMENTOS FERMENTADOS,4,T,0,0,3030100,ALIMENTOS FERMENTADOS,0,-,100
143,ENOLOGIA,6,T,0,0,3030100,ENOLOGIA,0,-,100
144,GENETICA Y BIOLOGIA MOLECULAR,8,T,0,0,4010100,GENETICA Y BIOLOGIA MOLECULAR,0,-,0
146,MALTA Y CERVEZA,4,T,0,0,3030100,MALTA Y CERVEZA,0,-,100
151,DESARROLLO DE NUEVOS PRODUCTOS,6,T,0,0,3030100,DESARROLLO DE NUEVOS PRODUCTOS,0,-,100
170,PRODUCTOS PESQUEROS Y ACUICOLAS,6,T,0,0,3030100,PRODUCTOS PESQUEROS Y ACUICOLAS,0,-,100
173,TECNOLOGIA DE LACTEOS,6,T,0,0,3030100,TECNOLOGIA DE LACTEOS,0,-,100
205,ADMINISTRACION DE PROYECTOS,6,T,0,0,3010100,ADMINISTRACION DE PROYECTOS,0,PROJECT ADMINISTRATION,100
212,CATALISIS II,6,T,0,0,3010100,CATALISIS II,0,CATALYSIS II,100
222,LABORATORIO DE MICROBIOLOGIA,4,E,0,0,4030100,LABORATORIO DE MICROBIOLOGIA,0,-,100
273,PROTECCION AMBIENTAL I,6,L,0,0,3010100,PROTECCION AMBIENTAL I,0,ENVIRONMENTAL PROTECTION I,100
272,MODELADO Y SIMULACION DE PROCESOS PO,6,T,0,0,3010100,MODELADO Y SIMULACION DE PROCESOS POLIMERICOS,0,MODELING AND SIMULATION OF POLIMERIC PROCESSES,100
238,LABORATORIO DE POLIMEROS I,3,E,0,0,3010100,LABORATORIO DE POLIMEROS I,0,POLIMERS LABORATORY I,100
30,BIOSINTESIS MICROBIANA,10,L,0,0,4030100,BIOSINTESIS MICROBIANA,0,-,66.7
1414,QUIMICA DEL ESTADO SOLIDO,9,L,0,0,2020200,QUIMICA DEL ESTADO SOLIDO,0,SOLID STATE CHEMISTRY,67
1510,QUIMICA COVALENTE,9,L,0,0,2020200,QUIMICA COVALENTE,0,COVALENT CHEMISTRY,67
1622,QUIMICA DE COORDINACION,9,L,0,0,2020200,QUIMICA DE COORDINACION,0,COORDINATION CHEMISTRY,67
1624,QUIMICA ORGANOMETALICA,9,L,0,0,2020200,QUIMICA ORGANOMETALICA,0,ORGANOMETALLIC CHEMISTRY,67
148,TECNOLOGIA DE FERMENTACIONES,6,T,0,0,3030100,TECNOLOGIA DE FERMENTACIONES,0,-,100
171,TECNOLOGIA DE CEREALES,6,T,0,0,3030100,TECNOLOGIA DE CEREALES,0,-,100
1512,DISEÑO DE EXPERIMENTOS,6,T,0,0,1030200,DISEÑO DE EXPERIMENTOS,0,EXPERIMENTS DESIGN,100
1812,FUNDAMENTOS DE ADMINISTRACION,6,T,0,0,3010000,FUNDAMENTOS DE ADMINISTRACION,0,-,100
XX01,QUIMICA INORGANICA II,0,0,0,0,0,QUIMICA INORGANICA II,0,-,0
XX02,QUIMICA INORGANICA III,0,0,0,0,0,QUIMICA INORGANICA III,0,-,0
207,CATALISIS I,6,T,0,0,3010100,CATALISIS I,0,CATALYSIS I,100
1316,BALANCES DE MATERIA Y ENERGIA,10,T,0,0,3010100,BALANCES DE MATERIA Y ENERGIA,0,MASS AND ENERGY BALANCES,100
1412,QUIMICA ORGANICA II,9,L,0,0,2030100,QUIMICA ORGANICA II,0,ORGANIC CHEMISTRY II,65
1542,FENOMENOS DE SUPERFICIE,6,T,0,0,1010200,FENOMENOS DE SUPERFICIE,0,SURFACE CHEMISTRY PHENOMENA,100
1646,LABORATORIO DE INGENIERIA QUIMICA II,3,E,0,0,3010100,LABORATORIO DE INGENIERIA QUIMICA II,0,CHEMICAL ENGINEERING LABORATORY II,100
1740,INGENIERIA DE REACTORES II,7,T,0,0,3010100,INGENIERIA DE REACTORES II,0,REACTOR ENGINEERING II,100
XX03,QUIMICA INORGANICA IV,0,0,0,0,0,QUIMICA INORGANICA IV,0,-,0
147,TECNOLOGIA ENZIMATICA,8,L,0,0,3030100,TECNOLOGIA ENZIMATICA,0,ENZIMATIC TECNOLOGY,75
185,METALURGIA DE ALEACIONES COLADAS BAS,8,L,0,0,3020100,METALURGIA DE ALEACIONES COLADAS BASE ALUMNIO,0,-,75
1419,EQUILIBRIO DE FASES EN METALURGIA Y,9,T,0,0,3020100,EQUILIBRIO DE FASES EN METALURGIA Y MATERIALES,0,PHASE EQUILIBRIUM IN MATERIALS AND METALLURGY,70
1420,INTRODUCCION A LA CIENCIA E INGENIER,8,L,0,0,3020300,INTRODUCCION A LA CIENCIA E INGENIERIA DE MATERIAL,0,SCIENCE INTRODUCTION AND MATERIALS ENGINEERING,75
1533,TRANSPORTE DE ENERGIA,9,T,0,0,3020300,TRANSPORTE DE ENERGIA,0,ENERGY TRANSPORT,67
1632,PIROMETALURGIA,8,L,0,0,3020100,PIROMETALURGIA,0,PYROMETALLURGY,75
1639,TRANSPORTE DE MASA,9,T,0,0,3020100,TRANSPORTE DE MASA,0,MASS TRANSPORT,67
1732,HIDROMETALURGIA,9,L,0,0,3020100,HIDROMETALURGIA,0,HIDROMETALLURGY,67
84,INTRODUCCION A LA TERMODINAMICA ESTA,6,T,0,0,1010100,INTRODUCCION A LA TERMODINAMICA ESTADISTICA,0,-,0
89,RECURSOS NATURALES,6,T,0,0,2020100,RECURSOS NATURALES,0,NATURAL RESOURCES,0
239,LABORATORIO DE POLIMEROS II,3,E,0,0,3010100,LABORATORIO DE POLIMEROS II,0,POLYMERS LABORATORY II,0
136,FARMACOTERAPIA II,8,T,0,0,4020100,FARMACOTERAPIA II,0,-,0
138,FARMACOVIGILANCIA,8,T,0,0,4020100,FARMACOVIGILANCIA,0,-,0
112,TECNOLOGIA FARMACEUTICA III,10,T,0,0,4020100,TECNOLOGIA FARMACEUTICA III,0,-,0
216,ESTANCIA ACADEMICA,24,E,0,0,3010000,ESTANCIA ACADEMICA,0,ACADEMIC STAY,0
204,ADMINISTRACION DEL RIESGO,6,T,0,0,3010000,ADMINISTRACION DEL RIESGO,0,RISK ADMINISTRATION,0
217,ESTANCIA PROFESIONAL,24,E,0,0,3010000,ESTANCIA PROFESIONAL,0,PROFESSIONAL STAY,0
274,PROTECCION AMBIENTAL II,6,L,0,0,3010000,PROTECCION AMBIENTAL II,0,ENVIRONMENTAL PROTECTION II,100
275,PROTECCION AMBIENTAL III,6,T,0,0,3010000,PROTECCION AMBIENTAL III,0,ENVIRONMENTAL PROTECTION III,0
153,FUNCIONALIDAD DE INGREDIENTES Y ADI,6,T,0,0,3030100,FUNCIONALIDAD DE INGREDIENTES Y ADITIVOS ALIMENTARIOS,0,-,0
150,ASEGURAMIENTO DE CALIDAD,6,T,0,0,3030100,ASEGURAMIENTO DE CALIDAD,0,-,100
155,LEGISLACION Y NORMATIVIDAD,6,T,0,0,3030100,LEGISLACION Y NORMATIVIDAD,0,-,0
157,MECANISMOS DE PATOGENICIDAD,6,T,0,0,4030100,MECANISMOS DE PATOGENICIDAD,0,-,0
158,TECNICAS AVANZADAS EN MICROBIOL.,6,T,0,0,4030100,TECNICAS AVANZADAS EN MICROBIOL. DE ALIMENTOS,0,-,0
115,ENDOCRINOLOGIA,6,T,0,0,4030100,ENDOCRINOLOGIA,0,-,0
116,FISIOPATOLOGIA,6,T,0,0,4030100,FISIOPATOLOGIA,0,-,0
159,FACTORES TOXICOS,6,T,0,0,3030100,FACTORES TOXICOS,0,-,0
165,NUTRICION HUMANA,6,T,0,0,3030100,NUTRICION HUMANA,0,-,0
166,TOPICOS SELECTOS EN NUTRICION,6,T,0,0,3030100,TOPICOS SELECTOS EN NUTRICION,0,-,0
168,GRASAS Y ACEITES COMESTIBLES,6,T,0,0,3030100,GRASAS Y ACEITES COMESTIBLES,0,-,0
169,PANIFICACION,6,T,0,0,3030100,PANIFICACION,0,-,0
172,TECNOLOGIA DE FRUTAS Y HORTALIZAS,8,T,0,0,3030100,TECNOLOGIA DE FRUTAS Y HORTALIZAS,0,-,0
177,PRODUCTOS CARNICOS,6,T,0,0,3030100,PRODUCTOS CARNICOS,0,-,0
178,ANALIS MAT D TRAB EXP EN ING D PROC,8,T,0,0,3020100,ANALIS MAT D TRAB EXP EN ING D PROC META Y MATE,0,-,0
184,MATERIALES COMPUESTOS DE MATRIZ META,8,T,0,0,3020100,MATERIALES COMPUESTOS DE MATRIZ METALICA,0,-,0
187,METALURGIA DE POLVOS Y SOLDADURA,9,T,0,0,3020100,METALURGIA DE POLVOS Y SOLDADURA,0,-,67
218,INGENIERIA BIOQUIMICA,10,T,0,0,3010100,INGENIERIA BIOQUIMICA,0,BIOCHEMICAL ENGINEERING,0
237,LABORATORIO DE CATALISIS,3,E,0,0,3010100,LABORATORIO DE CATALISIS,0,CATALYSIS LABORATORY,0
70,BIOLOGIA CELULAR,6,T,0,0,4030100,BIOLOGIA CELULAR,0,CELULAR BIOLOGY,0
131,MICROBIOLOGIA AMBIENTAL II,10,T,0,0,4030100,MICROBIOLOGIA AMBIENTAL II,0,-,0
31,INTRODUCCION A LOS MATERIALES,10,T,0,0,4030100,INTRODUCCION A LOS MATERIALES,0,-,0
34,QUIMICA BIOINORGANICA,10,T,0,0,2020100,QUIMICA BIOINORGANICA,0,-,0
69,TECNICAS DE ANALISIS DE SOLIDOS,10,T,0,0,3030100,TECNICAS DE ANALISIS DE SOLIDOS,0,-,0
80,INTRODUCCION A LA DINAMICA QUIMICA N,6,T,0,0,1020100,INTRODUCCION A LA DINAMICA QUIMICA NO LINEAL,0,-,0
83,INTRODUCCION A LA SIMULACION MOLECUL,6,T,0,0,1010100,INTRODUCCION A LA SIMULACION MOLECULAR,0,SIMULATION MOLECULAR INTRODUCTION,0
68,SINTESIS DE MATERIALES,10,T,0,0,2020100,SINTESIS DE MATERIALES,0,-,0
91,SINTESIS DE CERAMICOS,6,T,0,0,2020100,SINTESIS DE CERAMICOS,0,CERAMICS SYNTHESIS,0
95,ECONOMIA Y SOCIEDAD,6,T,0,0,9990100,ECONOMIA Y SOCIEDAD,0,ECONOMY AND SOCIETY,100
96,FILOSOFIA DE LA CIENCIA,6,T,0,0,9990100,FILOSOFIA DE LA CIENCIA,0,SCIENCE OF THE PHILOSOPHY,100
97,FUNDAMENTOS DE ADMINISTRACION,6,T,0,0,9990100,FUNDAMENTOS DE ADMINISTRACION,0,ADMINISTRATION FUNDAMENTALS,100
98,FUNDAMENTOS DE DERECHO,6,T,0,0,9990100,FUNDAMENTOS DE DERECHO,0,-,0
99,PENSAMIENTO Y APRENDIZAJE,6,T,0,0,9990100,PENSAMIENTO Y APRENDIZAJE,0,LEARNING AND THOUGHT,100
101,REGIONES SOCIOECONOMICAS,6,T,0,0,9990100,REGIONES SOCIOECONOMICAS,0,-,0
102,RELACIONES HUMANAS,6,T,0,0,9990100,RELACIONES HUMANAS,0,HUMAN RELATIONS,100
104,COMUNICACION CIENTIFICA,6,T,0,0,9990100,COMUNICACION CIENTIFICA,0,SCIENTIFIC COMMUNICATION,100
179,BIOLIXIVIACION DE MINERALES,9,T,0,0,3020100,BIOLIXIVIACION DE MINERALES,0,-,0
87,PROPIEDADES FISICAS DE LOS SOLIDOS,6,T,0,0,1020100,PROPIEDADES FISICAS DE LOS SOLIDOS,0,SOLIDS PHYSICAL PROPERTIES,0
303,QUIMICA DE ALIMENTOS II,6,0,0,0,0,QUIMICA DE ALIMENTOS II,0,-,0
154,CURSO BASICO DE CIENCIAS NUC.,7,L,20001,20001,0,CURSO BASICO DE CIENCIAS NUC.,0,-,0
1344,GENETICA GENERAL,8,L,20001,20001,0,GENETICA GENERAL,0,-,0
2,ADMINISTRACION DE EMPRESAS II,6,T,0,0,0,ADMINISTRACION DE EMPRESAS II,0,-,0
1,ADMINISTRACION DE EMPRESAS I,6,T,0,0,0,ADMINISTRACION DE EMPRESAS I,0,-,0
52,BIOSINTESIS DE APLICACION IND.,7,T,20001,20001,0,BIOSINTESIS DE APLICACION IND.,0,-,0
1236,EQUIL. QUIM.SIMP.EN FASE HOM.,9,L,20001,20001,2010100,EQUIL. QUIM.SIMP.EN FASE HOM.,0,-,0
576,OPTIM. DE PROC. METALUR.,6,T,20001,20001,3020300,OPTIM. DE PROC. METALUR.,0,-,0
223,ECUACIONES DIFERENCIALES,10,T,20001,20001,1030100,ECUACIONES DIFERENCIALES,0,DIFFERENTIAL EQUATIONS,0
523,MATEMATICA IV,6,T,20001,20001,1030100,MATEMATICA IV,0,MATHEMATICS IV,0
176,DESARROLLO DE MEDICAMENTOS,9,L,20001,20001,4020300,DESARROLLO DE MEDICAMENTOS,0,DEVELOPMENT OF DOSAGE FORMS,0
296,FISICOQUIMICA I,6,T,20001,20001,1020100,FISICOQUIMICA I,0,PHYSICAL CHEMISTRY I,0
524,MICOLOGIA,10,L,20001,20001,4030200,MICOLOGIA,0,MICOLOGY,0
651,QUIMICA ORGANICA II,10,L,20001,20001,2030100,QUIMICA ORGANICA II,0,ORGANIC CHEMISTRY II,0
162,DISEÑO DE EXPERIMENTOS,6,T,20001,20001,1030200,DISEÑO DE EXPERIMENTOS,0,-,0
722,SEMINARIO II,6,T,20001,20001,2030200,SEMINARIO II,0,SEMINAR II,0
1546,QUIMICA ANALITICA III,9,L,20001,20001,2010200,QUIMICA ANALITICA III,0,ANALITICAL CHEMISTRY III,0
342,INGENIERIA INDUSTRIAL,8,T,20001,20001,3040100,INGENIERIA INDUSTRIAL,0,INDUSTRIAL ENGINEERING,0
607,PREPARACION DE MINERALES I,7,L,20001,20001,3020100,PREPARACION DE MINERALES I,0,MINERALS PREPARATION I,0
493,METALURGIA EXTRACTIVA IV,6,T,20001,20001,3020100,METALURGIA EXTRACTIVA IV,0,EXTRACTIVA METALLURGY IV,0
100,PSICOLOGIA DEL TRABAJO HUMANO,6,T,0,0,9990100,PSICOLOGIA DEL TRABAJO HUMANO,0,HUMAN WORK OF PSYCHOLOGY,100
1824,TALLER DE PROBLEMAS,6,T,0,0,3010100,TALLER DE PROBLEMAS,0,PROBLEMS WORKSHOP,100
267,MATEMATICAS APLICADAS III,6,T,0,0,3010100,MATEMATICAS APLICADAS III,0,APPLIED MATHEMATICS III,100
190,TECS SELECTAS P MODEL MAT EN ING D P,6,T,0,0,3020100,TECS SELECTAS P MODEL MAT EN ING D PROC MET Y MATE,0,SELECTED THECH OF MATH MODELING IN PROC ENGINEERING,100
1816,ING. DE PROCESOS METALURGICOS Y DE M,6,T,0,0,3020100,ING. DE PROCESOS METALURGICOS Y DE MATERIALES,0,METALLURGY AND MATERIALS PROCESSES ENGINEERING,100
93,TERMODINAMICA IRREVERSIBLE LINEAL,6,T,0,0,1020000,TERMODINAMICA IRREVERSIBLE LINEAL,0,-,0
88,QUIMICA COMPUTACIONAL,6,T,0,0,1020000,QUIMICA COMPUTACIONAL,0,-,0
75,EQUILIBRIO DE ECOSISTEMAS,6,T,0,0,2020100,EQUILIBRIO DE ECOSISTEMAS,0,ECOSYSTEMS EQUILIBRIUM,0
79,IDEAS PREVIAS,6,T,0,0,0,IDEAS PREVIAS,0,-,0
71,CELULOSA Y PAPEL I,6,T,0,0,0,CELULOSA Y PAPEL I,0,-,0
72,CELULOSA Y PAPEL II,6,T,0,0,0,CELULOSA Y PAPEL II,0,-,0
103,TEORIA DE LA ORGANIZACION,6,T,0,0,0,TEORIA DE LA ORGANIZACION,0,-,0
92,SISTEMAS DE INFORMACION DIGITAL,6,T,0,0,0,SISTEMAS DE INFORMACION DIGITAL,0,-,0
90,SEMINARIO DE LA PRACTICA DOCENTE,6,T,0,0,0,SEMINARIO DE LA PRACTICA DOCENTE,0,-,0
73,CONSTRUCTIVISMO Y ENSEÑANZA DE LA CI,6,T,0,0,0,CONSTRUCTIVISMO Y ENSEÑANZA DE LA CIENCIA,0,-,0
188,MICROSCOPIA DE BARRIDO ELECTRONICO,8,T,0,0,0,MICROSCOPIA DE BARRIDO ELECTRONICO,0,-,0
183,INTRODUCCION A LA CIENCIA DE POLIMER,8,T,0,0,0,INTRODUCCION A LA CIENCIA DE POLIMEROS,0,-,0
180,CERAMICOS,9,T,0,0,0,CERAMICOS,0,-,0
1312,FISIOLOGIA,9,T,0,0,0,FISIOLOGIA,0,-,0
1612,QUIMICA ANALITICA INSTRUMENTAL I,6,T,0,0,2010100,QUIMICA ANALITICA INSTRUMENTAL I,0,INSTRUMENTAL ANALYTICAL CHEMISTRY I,100
206,BIOQUIMICA GENERAL,8,T,0,0,4010100,BIOQUIMICA GENERAL,0,GENERAL BIOCHEMISTRY,0
81,INTRODUCCION A LA GENOMICA,6,T,0,0,4010100,INTRODUCCION A LA GENOMICA,0,INTRODUCTION TO GENOMICS,100
1515,MICROBIOLOGIA EXPERIMENTAL,6,E,0,0,4030200,MICROBIOLOGIA EXPERIMENTAL,0,EXPERIMENTAL MICROBIOLOGY,100
1630,GENETICA Y BIOLOGIA MOLECULAR,8,T,0,0,4010100,GENETICA Y BIOLOGIA MOLECULAR,0,GENETICS AND MOLECULAR BIOLOGY,100
110,QUÍMICA FARMACÉUTICA,10,L,0,0,4020100,QUÍMICA FARMACÉUTICA,0,MEDICINAL CHEMISTRY,60
1905,ESTANCIA ESTUDIANTIL,25,E,0,0,4030100,ESTANCIA ESTUDIANTIL,0,STUDENT INTERNSHIP,0
220,INGENIERIA DE SISTEMAS II,6,T,0,0,3010100,INGENIERIA DE SISTEMAS II,0,SYSTEMS ENGINEERING II,0
181,FLOTACION,8,T,0,0,3020100,FLOTACION,0,-,0
77,FISICOQUIMICA DE MEZCLAS LIQUIDAS,6,T,0,0,1010100,FISICOQUIMICA DE MEZCLAS LIQUIDAS,0,-,0
76,FISICOQUIMICA DE SISTEMAS MOLECULARE,6,T,0,0,1010100,FISICOQUIMICA DE SISTEMAS MOLECULARES ORGANICOS,0,-,0
86,OPTIMIZACION Y PROCESOS DE SINTESIS,6,T,0,0,2030100,OPTIMIZACION Y PROCESOS DE SINTESIS II,0,PROCESS OF SYNTHESIS OPTIMIZATION II,0
145,CATALISIS COMPUESTOS METAL FASE HOMO,6,T,0,0,2020100,CATALISIS POR COMPUESTOS METALICOS EN FASE HOMOGENEA,0,-,0
277,HISTORIA Y FILOSOFIA DE LA QUIMICA,6,T,0,0,9990100,HISTORIA Y FILOSOFIA DE LA QUIMICA,0,PHILOSOPHY AND HISTORY OF CHEMICAL,100
1090,CIENCIA Y ARTE II,6,T,20071,20071,9990100,CIENCIA Y ARTE II,0,ART AND SCIENCE II,100
1112,CIENCIA Y SOCIEDAD,6,T,20061,20061,9990100,CIENCIA Y SOCIEDAD,0,SCIENCE AND SOCIETY,100
1089,CIENCIA Y ARTE I,6,T,20071,20071,9990100,CIENCIA Y ARTE I,0,ART AND SCIENCE I,100
94,TOPICOS SELECTOS DE LA EDUCACION QUI,6,T,0,0,9990100,TOPICOS SELECTOS DE LA EDUCACION QUIMICA,0,-,0
78,HISTORIA Y FILOSOFIA DE LA CIENCIA,6,T,0,0,9990100,HISTORIA Y FILOSOFIA DE LA CIENCIA,0,-,0
